39.9,30.1,21,17.6
39.9,30.1,20.9,17.6
39.9,30.1,20.9,17.5
40.1,30.3,20.9,17.5
40.1,30.3,20.9,17.6
40.2,30.3,20.9,17.5
40.3,30.4,20.9,17.5
40.3,30.5,21,17.5
40.4,30.5,21,17.5
40.5,30.5,21,17.6
40.6,30.6,21,17.7
40.6,30.6,21,17.7
40.7,30.7,21,17.6
40.8,30.8,21,17.6
40.9,30.8,21,17.6
41,30.8,21.1,17.6
41.1,30.9,21.1,17.6
41.1,31,21.1,17.6
41.1,31.1,21.1,17.6
41.2,31.1,21.1,17.6
41.2,31.2,21.2,17.6
41.4,31.2,21.2,17.5
41.4,31.2,21.2,17.5
41.4,31.3,21.2,17.5
41.5,31.3,21.2,17.6
41.5,31.4,21.2,17.6
41.7,31.4,21.2,17.7
41.7,31.4,21.2,17.7
41.8,31.5,21.2,17.7
41.8,31.6,21.2,17.6
41.8,31.6,21.2,17.6
41.9,31.6,21.3,17.6
42,31.7,21.3,17.6
42.1,31.8,21.2,17.5
42.1,31.8,21.3,17.5
42.1,31.9,21.3,17.5
42.2,31.9,21.3,17.5
42.3,31.9,21.4,17.6
42.4,32,21.4,17.6
42.4,32.1,21.4,17.6
42.5,32.1,21.4,17.6
42.6,32.1,21.5,17.6
42.6,32.2,21.5,17.5
42.7,32.2,21.5,17.5
42.8,32.3,21.5,17.6
42.8,32.3,21.5,17.6
42.8,32.3,21.6,17.6
42.9,32.4,21.6,17.6
43,32.4,21.6,17.6
43.1,32.4,21.6,17.6
43.1,32.4,21.6,17.6
43.1,32.4,21.6,17.6
43.2,32.5,21.6,17.6
43.2,32.6,21.6,17.6
43.2,32.6,21.6,17.6
43.3,32.6,21.7,17.7
43.5,32.7,21.8,17.6
43.5,32.8,21.8,17.6
43.6,32.8,21.8,17.6
43.6,32.8,21.8,17.6
43.6,32.8,21.8,17.6
43.7,32.9,21.8,17.6
43.7,33,21.8,17.6
43.8,33,21.8,17.6
43.8,33.1,21.8,17.6
43.9,33.1,21.8,17.6
44,33.1,21.9,17.6
44,33.1,22,17.6
44,33.2,22,17.6
44,33.2,22,17.6
44.1,33.2,22,17.6
44.1,33.2,22,17.6
44.2,33.3,22,17.6
44.2,33.4,22,17.6
44.3,33.4,22,17.6
44.3,33.4,22,17.6
44.3,33.4,22,17.6
44.3,33.5,22,17.6
44.4,33.6,22,17.6
44.4,33.6,22.1,17.6
44.5,33.6,22.1,17.6
44.5,33.7,22.1,17.6
44.6,33.7,22.1,17.6
44.6,33.8,22.1,17.6
44.7,33.8,22.1,17.6
44.7,33.8,22.1,17.6
44.7,33.9,22.2,17.6
44.7,33.9,22.2,17.6
44.8,33.9,22.1,17.6
44.9,34,22.2,17.6
44.9,34,22.3,17.6
44.9,34.1,22.3,17.6
45,34.1,22.3,17.6
45,34.1,22.3,17.6
45,34.2,22.3,17.6
45,34.2,22.3,17.6
45.1,34.2,22.4,17.6
45.2,34.2,22.4,17.6
45.2,34.3,22.4,17.6
45.2,34.3,22.4,17.6
45.3,34.4,22.4,17.6
45.3,34.4,22.4,17.6
45.3,34.4,22.4,17.7
45.4,34.5,22.5,17.6
45.4,34.5,22.5,17.6
45.5,34.5,22.5,17.6
45.6,34.6,22.6,17.6
45.6,34.6,22.6,17.7
45.6,34.7,22.6,17.8
45.7,34.7,22.6,17.8
45.7,34.7,22.6,17.8
45.8,34.8,22.6,17.8
45.8,34.9,22.6,17.8
45.8,34.9,22.6,17.9
45.9,34.9,22.6,17.9
45.9,35,22.7,17.8
45.9,35,22.7,17.8
46,35,22.7,17.8
46,35,22.7,17.7
46,35,22.8,17.7
46.1,35,22.8,17.7
46.1,35.1,22.8,17.7
46.1,35.2,22.8,17.7
46.1,35.2,22.8,17.7
46.2,35.2,22.8,17.7
46.3,35.2,22.8,17.7
46.3,35.3,22.8,17.7
46.3,35.4,22.8,17.7
46.4,35.4,22.8,17.7
46.4,35.4,22.9,17.7
46.4,35.4,22.9,17.7
46.4,35.4,22.9,17.7
46.5,35.4,22.9,17.7
46.5,35.5,23,17.7
46.6,35.5,23,17.7
46.6,35.5,23,17.7
46.6,35.6,23,17.7
46.7,35.7,23,17.7
46.7,35.7,23,17.7
46.7,35.7,23,17.7
46.7,35.7,23.1,17.7
46.8,35.7,23.1,17.7
46.8,35.7,23.1,17.7
46.9,35.8,23.1,17.7
46.9,35.8,23.1,17.7
46.9,35.9,23.1,17.7
46.9,35.9,23.1,17.7
47,35.9,23.1,17.7
47,36,23.1,17.7
47,36,23.2,17.7
47.1,36,23.2,17.7
47.2,36,23.2,17.7
47.2,36,23.3,17.7
47.2,36,23.3,17.7
47.2,36.1,23.3,17.7
47.2,36.1,23.3,17.7
47.2,36.2,23.3,17.7
47.3,36.2,23.3,17.7
47.3,36.2,23.3,17.7
47.3,36.3,23.3,17.7
47.4,36.3,23.4,17.7
47.5,36.3,23.4,17.8
47.5,36.4,23.4,17.8
47.5,36.4,23.4,17.8
47.5,36.4,23.5,17.8
47.6,36.4,23.5,17.7
47.6,36.5,23.6,17.7
47.6,36.5,23.6,17.8
47.6,36.5,23.6,17.7
47.6,36.5,23.6,17.7
47.6,36.6,23.6,17.8
47.7,36.7,23.6,17.8
47.7,36.7,23.6,17.7
47.8,36.7,23.6,17.7
47.8,36.8,23.6,17.7
47.8,36.8,23.6,17.7
47.8,36.8,23.6,17.7
47.9,36.8,23.6,17.7
47.9,36.9,23.7,17.7
47.9,36.9,23.7,17.7
47.9,36.9,23.7,17.7
47.9,37,23.7,17.7
47.9,37,23.8,17.7
47.9,37,23.8,17.7
48,37.1,23.8,17.7
48.1,37.2,23.8,17.7
48.2,37.2,23.8,17.7
48.2,37.2,23.8,17.7
48.2,37.2,23.9,17.7
48.3,37.2,23.9,17.7
48.4,37.3,23.9,17.7
48.4,37.3,23.9,17.7
48.4,37.3,23.9,17.7
48.4,37.3,23.9,17.7
48.4,37.4,23.9,17.7
48.4,37.5,23.9,17.7
48.4,37.5,23.9,17.8
48.4,37.5,23.9,17.8
48.5,37.5,23.9,17.8
48.5,37.5,23.9,17.8
48.5,37.6,24,17.8
48.6,37.6,24,17.8
48.6,37.6,24.1,17.8
48.7,37.6,24.1,17.8
48.7,37.6,24.1,17.8
48.7,37.6,24,17.7
48.7,37.6,24,17.7
48.7,37.6,24.1,17.7
48.7,37.7,24.1,17.7
48.8,37.7,24.1,17.7
48.9,37.7,24.1,17.7
48.9,37.7,24.1,17.7
48.9,37.8,24.1,17.7
49,37.8,24.2,17.7
49,37.8,24.2,17.7
49,37.8,24.2,17.7
49,37.9,24.2,17.7
49,37.9,24.3,17.7
49,37.9,24.3,17.7
49,38,24.3,17.7
49.1,38,24.3,17.7
49.2,38,24.3,17.7
49.2,38,24.3,17.7
49.2,38,24.3,17.7
49.1,38,24.3,17.7
49.2,38.1,24.4,17.7
49.2,38.1,24.4,17.7
49.3,38.2,24.4,17.7
49.3,38.2,24.4,17.7
49.3,38.3,24.4,17.7
49.3,38.3,24.4,17.7
49.4,38.3,24.4,17.7
49.4,38.3,24.4,17.7
49.4,38.3,24.4,17.7
49.4,38.3,24.4,17.7
49.4,38.4,24.4,17.7
49.4,38.4,24.5,17.7
49.5,38.5,24.5,17.7
49.5,38.5,24.5,17.7
49.5,38.5,24.6,17.7
49.6,38.6,24.6,17.7
49.6,38.6,24.6,17.7
49.6,38.6,24.6,17.7
49.6,38.6,24.6,17.7
49.6,38.6,24.6,17.7
49.7,38.7,24.7,17.7
49.7,38.7,24.7,17.7
49.8,38.7,24.7,17.8
49.8,38.8,24.7,17.7
49.8,38.8,24.7,17.7
49.8,38.8,24.7,17.7
49.8,38.8,24.7,17.7
49.9,38.8,24.7,17.7
49.9,38.8,24.8,17.8
49.9,38.9,24.8,17.8
49.9,38.9,24.8,17.8
49.9,39,24.8,17.8
50,39,24.9,17.8
50.1,39,24.9,17.8
50.1,39.1,24.9,17.8
50.1,39.1,24.9,17.8
50.2,39.1,24.9,17.8
50.2,39.1,24.9,17.8
50.2,39.1,25,17.8
50.2,39.2,25,17.8
50.2,39.2,25,17.8
50.2,39.2,25.1,17.8
50.3,39.3,25.1,17.8
50.4,39.3,25.1,17.8
50.4,39.3,25.1,17.8
50.4,39.3,25.1,17.8
50.4,39.4,25.1,17.8
50.5,39.4,25.1,17.8
50.5,39.4,25.1,17.7
50.5,39.4,25.1,17.7
50.5,39.4,25.1,17.8
50.5,39.4,25.1,17.8
50.5,39.6,25.2,17.9
50.6,39.6,25.2,17.9
50.6,39.6,25.2,17.9
50.6,39.6,25.2,17.9
50.7,39.6,25.2,17.9
50.7,39.7,25.2,17.8
50.7,39.7,25.2,17.8
50.8,39.8,25.3,17.9
50.8,39.8,25.3,17.9
50.8,39.8,25.3,17.9
50.8,39.8,25.3,17.9
50.8,39.8,25.4,17.9
50.8,39.9,25.4,17.8
50.9,39.9,25.4,17.8
50.9,39.9,25.4,17.9
50.9,39.9,25.4,17.9
50.9,40,25.4,17.9
51,40.1,25.4,17.8
51,40.1,25.4,17.8
51,40.1,25.5,17.9
51,40.1,25.5,17.9
51.1,40.1,25.5,17.8
51.1,40.2,25.5,17.8
51.1,40.2,25.5,17.9
51.1,40.2,25.5,17.8
51.2,40.2,25.6,17.8
51.3,40.2,25.6,17.9
51.3,40.3,25.6,17.9
51.3,40.3,25.6,17.9
51.3,40.3,25.6,17.9
51.3,40.3,25.6,17.9
51.3,40.3,25.6,17.8
51.4,40.4,25.6,17.8
51.4,40.4,25.7,17.8
51.4,40.4,25.7,17.9
51.4,40.4,25.7,17.9
51.4,40.4,25.7,17.9
51.5,40.4,25.7,17.8
51.6,40.5,25.8,17.8
51.6,40.5,25.8,17.8
51.6,40.5,25.8,17.8
51.6,40.5,25.8,17.8
51.6,40.6,25.8,17.8
51.6,40.6,25.8,17.9
51.6,40.6,25.8,17.9
51.6,40.6,25.8,17.8
51.6,40.6,25.8,17.8
51.7,40.6,25.9,17.9
51.7,40.6,25.9,17.9
51.7,40.7,25.9,17.9
51.7,40.7,25.9,17.9
51.8,40.8,26,18
51.8,40.8,26.1,17.9
51.8,40.9,26.1,17.9
51.9,40.9,26,18
51.8,40.9,26.1,18
51.8,40.9,26.1,18
51.9,40.9,26.1,17.9
51.9,41,26.1,17.9
51.9,41.1,26.1,17.9
52,41.1,26.1,17.9
52.1,41.1,26.1,17.9
52.1,41.1,26.2,17.9
52.1,41.2,26.2,17.9
52.1,41.2,26.2,17.9
52.1,41.2,26.2,17.9
52.1,41.2,26.2,17.9
52.1,41.3,26.2,17.9
52.2,41.3,26.2,17.9
52.2,41.3,26.2,17.9
52.2,41.4,26.2,17.9
52.2,41.4,26.2,17.9
52.2,41.4,26.2,17.9
52.3,41.4,26.3,17.9
52.4,41.4,26.3,17.9
52.4,41.4,26.3,17.9
52.4,41.4,26.3,17.9
52.4,41.4,26.3,17.9
52.4,41.4,26.3,17.9
52.4,41.4,26.3,17.9
52.5,41.4,26.4,17.9
52.5,41.5,26.4,17.9
52.5,41.5,26.4,17.9
52.5,41.5,26.4,17.9
52.5,41.5,26.4,18
52.5,41.5,26.4,17.9
52.6,41.6,26.5,17.9
52.6,41.7,26.5,17.9
52.7,41.7,26.5,17.9
52.7,41.7,26.5,17.9
52.7,41.7,26.5,17.9
52.7,41.7,26.5,17.9
52.7,41.7,26.6,18
52.7,41.8,26.6,18
52.7,41.8,26.6,18
52.7,41.8,26.6,18
52.7,41.8,26.6,18
52.7,41.9,26.6,18
52.7,42,26.6,17.9
52.8,42,26.6,17.9
52.8,42,26.7,17.9
52.8,42,26.7,17.9
52.9,42,26.7,18
52.9,42.1,26.7,18
52.9,42.1,26.7,18
53,42.1,26.7,18
53,42.1,26.7,18
53,42.1,26.7,18
53,42.1,26.8,18
53,42.2,26.8,18
53.1,42.2,26.8,18
53.1,42.2,26.8,18
53.1,42.2,26.8,18
53.1,42.3,26.9,18
53.1,42.3,26.9,17.9
53.2,42.3,26.9,17.9
53.2,42.3,26.9,18
53.2,42.3,26.9,18
53.2,42.3,26.9,18
53.3,42.3,26.9,18
53.2,42.3,26.9,18
53.3,42.3,26.9,17.9
53.3,42.3,26.9,17.9
53.3,42.3,26.9,18
53.3,42.3,26.9,18
53.3,42.4,27,18
53.3,42.4,27,18
53.3,42.4,27,18
53.4,42.4,27,17.9
53.4,42.4,27,18
53.4,42.4,27,18
53.4,42.4,27,18
53.4,42.4,27,18
53.4,42.4,27.1,18
53.4,42.5,27,18
53.4,42.6,27.1,18
53.4,42.6,27.1,18
53.4,42.6,27.1,18
53.5,42.6,27.2,18
53.5,42.7,27.2,18
53.6,42.7,27.2,18
53.6,42.8,27.3,18
53.6,42.8,27.3,18
53.6,42.8,27.2,18
53.6,42.8,27.3,18
53.6,42.8,27.3,18
53.7,42.9,27.3,18
53.7,42.9,27.3,18
53.7,42.9,27.3,18
53.8,42.9,27.4,18
53.9,43,27.4,18
53.9,43.1,27.4,18
53.9,43.1,27.4,18
53.9,43.1,27.4,18
53.9,43.1,27.4,18
53.9,43.1,27.4,18
54,43.2,27.4,18
54,43.2,27.4,18
54,43.2,27.4,18
54.1,43.2,27.4,18
54.2,43.2,27.4,18
54.2,43.2,27.4,18
54.2,43.2,27.4,18
54.2,43.2,27.4,18
54.2,43.2,27.4,18
54.2,43.2,27.4,18
54.3,43.2,27.5,18
54.3,43.2,27.5,18
54.4,43.4,27.5,18.1
54.4,43.4,27.5,18
54.5,43.4,27.6,18
54.5,43.4,27.7,18
54.5,43.4,27.6,18
54.5,43.5,27.7,18.1
54.5,43.5,27.7,18
54.5,43.5,27.7,18
54.5,43.5,27.7,18
54.5,43.5,27.7,18
54.5,43.6,27.7,18
54.6,43.6,27.7,18.1
54.6,43.7,27.7,18
54.6,43.7,27.7,18
54.6,43.7,27.7,18
54.6,43.8,27.8,18
54.6,43.8,27.8,18
54.6,43.8,27.8,18
54.7,43.8,27.8,18.2
54.8,43.8,27.8,18.2
54.8,43.8,27.7,18.2
54.8,43.8,27.5,18.2
54.9,43.8,27.4,18.1
54.9,43.8,27.2,18.1
54.9,43.9,27.2,18.2
54.9,43.9,27.1,18.2
54.9,43.9,27,18.1
54.9,43.9,27,18.1
54.9,43.9,27,18.2
55,44,26.9,18.2
55,44,26.9,18.1
55,44,26.9,18
54.9,44,26.9,18.1
54.9,44,26.9,18.1
55,44,26.9,18
55,44,26.9,18
55,44.1,26.9,18.1
55.1,44.1,26.9,18.1
55.1,44.1,26.8,18
55.1,44.2,26.7,18
55.1,44.2,26.7,18
55.1,44.2,26.7,18
55.1,44.2,26.7,18.1
55.1,44.2,26.7,18
55.2,44.3,26.6,18
55.2,44.3,26.6,18
55.3,44.3,26.6,18
55.3,44.3,26.6,18
55.3,44.3,26.6,18
55.3,44.4,26.6,18
55.3,44.4,26.6,18
55.3,44.4,26.6,18
55.4,44.4,26.6,18
55.4,44.4,26.6,18
55.4,44.4,26.7,18
55.4,44.4,27.4,18
55.4,44.4,28.8,18
55.4,44.4,29.9,17.9
55.5,44.4,29.8,17.9
55.6,44.4,29,18
55.6,44.5,28.3,18
55.6,44.5,27.9,18
55.6,44.5,27.7,18
55.6,44.6,27.5,18
55.6,44.6,27.4,18
55.6,44.6,27.4,18
55.6,44.6,27.3,18
55.6,44.6,27.3,18
55.6,44.6,27.2,18.1
55.6,44.7,27.2,18
55.6,44.7,27.2,18
55.6,44.7,27.2,18
55.6,44.7,27.2,18
55.6,44.7,27.2,18
55.6,44.7,27.1,18
55.6,44.7,27.1,18
55.6,44.8,27.2,18
55.7,44.8,27.2,18.1
55.7,44.8,27.2,18
55.7,44.9,27.1,18
55.7,44.9,27.1,17.9
55.7,44.9,27.1,17.9
55.7,44.9,27.1,17.9
55.7,44.9,27.1,17.9
55.8,44.9,27.1,17.9
55.8,44.9,27.2,17.9
55.8,44.9,27.2,17.9
55.9,44.9,27.1,17.9
55.9,44.9,27.1,18
55.9,44.9,27.1,18
55.9,44.9,27.2,18
56,45,27.2,18
56,45,27.2,17.9
56,45,27.1,17.9
56,45,27.1,17.9
56,45,27.1,17.9
56,45,27.1,17.9
56.1,45,27.2,18
56.1,45,27.2,18
56.1,45.1,27.2,18
56.2,45.1,27.2,18
56.2,45.1,27.2,18
56.2,45.1,27.2,18
56.2,45.2,27.2,18
56.2,45.2,27.2,17.9
56.2,45.2,27.2,17.9
56.2,45.2,27.2,17.9
56.2,45.2,27.2,17.9
56.2,45.2,27.2,17.9
56.2,45.2,27.2,17.9
56.2,45.2,27.2,18
56.3,45.2,27.2,18
56.3,45.2,27.2,17.9
56.3,45.2,27.2,18
56.3,45.2,27.2,18
56.3,45.3,27.2,18
56.3,45.3,27.3,18
56.3,45.3,27.3,18
56.3,45.3,27.2,18
56.4,45.3,27.3,18
56.3,45.2,27.2,17.9
56.3,45.2,27.2,17.9
56.3,45.2,27.3,18
56.3,45.3,27.3,18
56.3,45.3,27.3,17.9
56.3,45.3,27.3,17.9
56.3,45.3,27.3,17.9
56.4,45.4,27.3,17.9
56.4,45.4,27.2,18
56.4,45.4,27.2,17.9
56.4,45.5,27.2,17.9
56.5,45.5,27.2,17.9
56.5,45.5,27.4,18
56.5,45.5,27.4,17.9
56.5,45.5,27.4,17.9
56.5,45.5,27.4,18
56.6,45.6,27.4,17.9
56.6,45.6,27.4,18
56.6,45.6,27.3,18
56.6,45.6,27.3,18
56.6,45.6,27.3,18
56.6,45.6,27.4,18
56.6,45.7,27.4,17.9
56.6,45.7,27.4,17.9
56.6,45.8,27.4,17.9
56.7,45.8,27.4,17.9
56.7,45.8,27.4,17.9
56.7,45.8,27.4,17.9
56.8,45.8,27.4,17.9
56.8,45.8,27.4,18
56.8,45.8,27.4,18
56.8,45.8,27.3,17.9
56.8,45.8,27.4,17.9
56.8,45.8,27.4,17.9
56.8,45.9,27.4,18
56.8,45.9,27.4,18
56.8,46,27.4,17.9
56.8,46,27.4,17.9
56.9,46,27.4,18
56.9,46,27.4,17.9
56.9,46,27.4,17.9
56.9,46,27.5,17.9
56.9,46,27.5,17.9
56.9,46,27.5,17.9
56.9,46.1,27.5,17.9
56.9,46.1,27.5,17.9
56.9,46.1,27.4,17.9
57,46.1,27.4,18
56.9,46,27.4,18
56.9,46,27.4,18
56.9,46.1,27.4,18
57,46.1,27.4,18
57,46.1,27.4,17.9
57.1,46.1,27.4,17.9
57.1,46.1,27.5,17.9
57.1,46.1,27.5,17.9
57.1,46.1,27.5,17.9
57.1,46.1,27.5,17.9
57.1,46.2,27.5,18
57.1,46.1,27.5,18
57.2,46.1,27.5,18
57.2,46.2,27.5,18
57.2,46.2,27.5,18
57.2,46.2,27.5,18
57.2,46.2,27.5,18
57.2,46.2,27.5,18
57.2,46.2,27.5,18
57.2,46.3,27.5,18
57.2,46.3,27.5,18
57.2,46.3,27.5,18
57.3,46.3,27.5,18
57.3,46.3,27.6,18
57.3,46.3,27.5,17.9
57.3,46.3,27.5,17.9
57.3,46.3,27.5,17.9
57.3,46.3,27.5,17.9
57.4,46.3,27.5,17.9
57.4,46.3,27.5,18
57.4,46.3,27.5,18
57.4,46.4,27.5,17.9
57.4,46.4,27.5,17.9
57.4,46.4,27.6,18
57.4,46.4,27.6,18
57.4,46.4,27.6,17.9
57.4,46.4,27.5,17.9
57.5,46.4,27.5,17.9
57.5,46.4,27.5,17.9
57.5,46.5,27.5,17.9
57.5,46.5,27.5,17.9
57.5,46.5,27.5,17.9
57.5,46.5,27.5,17.9
57.5,46.5,27.5,17.9
57.5,46.5,27.5,17.9
57.5,46.5,27.5,17.9
57.5,46.6,27.5,17.9
57.5,46.6,27.5,17.9
57.5,46.6,27.5,17.9
57.5,46.6,27.6,17.9
57.5,46.6,27.6,17.9
57.6,46.7,27.6,17.9
57.6,46.7,27.6,17.9
57.6,46.7,27.6,17.9
57.6,46.7,27.6,17.9
57.7,46.7,27.7,17.9
57.7,46.7,27.7,17.9
57.7,46.7,27.6,17.9
57.7,46.7,27.6,17.9
57.7,46.7,27.7,17.9
57.7,46.8,27.7,17.9
57.8,46.9,27.8,17.9
57.8,46.9,27.8,18
57.8,46.9,27.8,18
57.8,46.9,27.8,18
57.8,46.9,27.8,18
57.8,46.9,27.8,18
57.9,46.9,27.8,18
57.9,46.9,27.8,17.9
57.9,46.9,27.9,17.9
57.9,46.9,27.9,17.9
57.9,46.9,27.9,17.9
57.8,46.9,27.9,17.9
57.9,46.9,27.8,17.9
57.9,46.9,27.8,17.9
57.9,46.9,27.8,17.9
57.9,46.9,27.8,17.9
57.9,46.9,27.8,17.9
57.9,46.9,27.8,17.9
57.9,46.9,27.8,17.9
57.9,46.9,27.9,17.9
58,47,27.9,17.9
58,47,27.9,18
58,47,27.9,18
58,47,27.9,17.9
58,47,27.9,17.9
58,47,27.9,17.9
58,47,27.9,17.9
58,47,27.9,17.9
58,47,27.9,17.9
58.1,47.1,27.9,18
58.1,47.2,27.9,17.9
58.1,47.2,27.9,17.9
58.1,47.1,27.9,17.9
58.1,47.2,27.9,17.9
58.2,47.2,27.9,18
58.2,47.2,27.9,18
58.2,47.2,27.9,18
58.2,47.2,27.9,18
58.2,47.2,27.9,18
58.2,47.2,27.9,18
58.2,47.2,27.9,17.9
58.3,47.2,27.9,17.9
58.3,47.3,27.9,18
58.3,47.3,27.9,18
58.3,47.3,27.9,18
58.3,47.3,27.9,18
58.3,47.3,27.9,18
58.3,47.3,27.9,18
58.3,47.3,27.9,17.9
58.3,47.3,27.9,17.9
58.3,47.4,27.9,17.9
58.3,47.4,28,18
58.3,47.3,28,17.9
58.3,47.3,27.9,17.9
58.3,47.3,27.9,17.9
58.3,47.4,28,17.9
58.3,47.4,28,17.9
58.3,47.4,28,17.9
58.3,47.4,28,17.9
58.4,47.4,28,17.9
58.4,47.4,28,17.9
58.4,47.4,28,17.9
58.4,47.4,28,17.9
58.5,47.4,28,18
58.5,47.5,28,18
58.5,47.5,28,18
58.5,47.4,28,18
58.5,47.5,28,18
58.5,47.5,28,18
58.5,47.5,28,18
58.6,47.5,28,18
58.6,47.5,28,18
58.6,47.5,28,18
58.6,47.5,28.1,18
58.6,47.5,28.1,18
58.6,47.5,28.1,18
58.6,47.5,28.1,18
58.6,47.5,28.1,18
58.6,47.5,28,17.9
58.6,47.5,28.1,17.9
58.6,47.5,28.1,18
58.7,47.5,28.1,18
58.7,47.6,28.1,18
58.7,47.6,28.2,18
58.8,47.6,28.2,18
58.8,47.6,28.2,18
58.8,47.6,28.2,18
58.8,47.7,28.2,18
58.8,47.7,28.2,18
58.8,47.7,28.2,18
58.8,47.7,28.2,18
58.8,47.7,28.2,18
58.8,47.8,28.2,18
58.9,47.8,28.2,18
58.9,47.8,28.2,18
58.9,47.8,28.2,18
58.9,47.8,28.2,18
58.9,47.8,28.2,18
58.9,47.8,28.2,18
58.9,47.8,28.2,18
58.9,47.8,28.2,18
58.9,47.8,28.2,18
58.9,47.8,28.2,18
58.9,47.8,28.2,18
58.9,47.9,28.2,18
59,47.9,28.2,18
59,47.9,28.2,18
59,47.9,28.2,18.1
59,47.9,28.2,18.1
59,47.9,28.2,18
59,47.9,28.3,18
59.1,47.9,28.3,18
59.1,47.9,28.3,18
59.1,47.9,28.3,18
59.1,47.9,28.3,18
59.1,47.9,28.3,18
59.1,47.9,28.3,18
59.1,48,28.3,18
59.1,48,28.3,18
59.1,48,28.3,18
59.1,48.1,28.3,18
59.2,48.1,28.3,18
59.2,48.1,28.3,18
59.2,48.1,28.3,18
59.2,48.1,28.3,18
59.2,48.1,28.3,18
59.2,48.2,28.4,18
59.2,48.2,28.4,18
59.2,48.2,28.4,18
59.2,48.2,28.3,18
59.2,48.2,28.4,18
59.2,48.2,28.4,18
59.2,48.2,28.4,18
59.2,48.2,28.5,18
59.2,48.2,28.5,18
59.2,48.2,28.5,18
59.2,48.2,28.5,18
59.2,48.2,28.5,18
59.2,48.2,28.5,18
59.2,48.3,28.5,18
59.2,48.3,28.4,18
59.2,48.3,28.4,18
59.2,48.3,28.5,18
59.3,48.3,28.5,18.1
59.3,48.3,28.5,18.1
59.3,48.3,28.5,18.2
59.3,48.3,28.5,18.2
59.3,48.3,28.5,18.1
59.4,48.3,28.5,18.1
59.4,48.4,28.6,18.1
59.4,48.4,28.6,18.1
59.4,48.4,28.6,18.1
59.5,48.4,28.6,18.1
59.5,48.4,28.6,18.1
59.5,48.4,28.6,18.1
59.5,48.4,28.6,18.1
59.5,48.4,28.6,18.1
59.5,48.4,28.6,18.1
59.5,48.4,28.6,18.1
59.5,48.4,28.6,18.1
59.6,48.4,28.6,18.1
59.6,48.5,28.6,18.1
59.6,48.5,28.6,18.1
59.6,48.5,28.6,18.1
59.6,48.5,28.6,18.1
59.6,48.5,28.6,18.1
59.7,48.5,28.6,18.1
59.7,48.5,28.6,18.1
59.7,48.5,28.6,18.1
59.7,48.5,28.6,18.1
59.7,48.5,28.6,18.1
59.7,48.5,28.6,18.1
59.7,48.6,28.6,18.2
59.7,48.6,28.6,18.2
59.7,48.7,28.6,18.1
59.7,48.7,28.7,18.2
59.7,48.7,28.7,18.2
59.7,48.7,28.7,18.2
59.7,48.7,28.7,18.2
59.7,48.7,28.7,18.2
59.7,48.7,28.7,18.2
59.7,48.7,28.7,18.2
59.7,48.7,28.7,18.2
59.7,48.7,28.7,18.2
59.8,48.7,28.7,18.2
59.8,48.7,28.7,18.2
59.8,48.8,28.7,18.2
59.8,48.8,28.7,18.2
59.8,48.8,28.7,18.2
59.8,48.8,28.7,18.2
59.8,48.9,28.7,18.2
59.8,48.8,28.7,18.2
59.8,48.9,28.7,18.2
59.9,48.9,28.7,18.2
59.8,48.9,28.7,18.2
59.9,48.9,28.7,18.2
59.9,48.9,28.7,18.2
59.8,48.9,28.7,18.2
59.8,48.9,28.7,18.2
59.9,49,28.7,18.2
59.9,49,28.7,18.2
59.8,49,28.7,18.2
59.8,49,28.8,18.2
59.9,49,28.8,18.2
59.9,49,28.8,18.2
59.9,49,28.8,18.1
59.9,49,28.8,18.2
59.9,49,28.8,18.2
59.9,49,28.8,18.2
59.9,49,28.8,18.2
59.9,49,28.8,18.2
59.9,49,28.8,18.2
60,49,28.8,18.2
60,49,28.9,18.2
60,49,28.9,18.2
60,49,28.9,18.2
60,49,28.9,18.2
60,49,28.9,18.2
60,49.1,29,18.2
60,49.1,29,18.2
60,49.1,28.9,18.2
60.1,49.1,28.9,18.2
60.1,49.1,28.9,18.2
60.1,49.1,29,18.3
60.1,49.1,29,18.3
60.1,49.1,29,18.2
60.1,49.1,29,18.2
60.1,49.1,29,18.2
60.1,49.2,29,18.2
60.1,49.2,29,18.2
60.1,49.1,29,18.2
60.1,49.2,29,18.2
60.1,49.2,29,18.2
60.1,49.2,29,18.2
60.1,49.2,29,18.2
60.2,49.2,29,18.2
60.2,49.2,29,18.2
60.2,49.2,29,18.3
60.2,49.2,29,18.3
60.2,49.2,29,18.2
60.2,49.2,29,18.3
60.2,49.2,29,18.3
60.2,49.2,29,18.2
60.3,49.2,29,18.2
60.3,49.2,29,18.3
60.3,49.3,29,18.3
60.3,49.3,29,18.2
60.3,49.2,29,18.3
60.3,49.3,29,18.3
60.3,49.3,29.1,18.2
60.3,49.3,29.1,18.2
60.3,49.3,29.1,18.2
60.3,49.3,29,18.2
60.3,49.3,29,18.2
60.3,49.3,29,18.2
60.3,49.3,29,18.2
60.4,49.3,29.1,18.2
60.4,49.3,29.1,18.2
60.3,49.3,29.1,18.2
60.3,49.3,29.1,18.2
60.3,49.4,29.1,18.2
60.3,49.4,29.1,18.2
60.4,49.4,29.1,18.3
60.4,49.4,29.1,18.3
60.4,49.4,29.1,18.2
60.4,49.4,29.1,18.2
60.4,49.4,29.1,18.2
60.4,49.5,29.1,18.2
60.4,49.5,29.1,18.2
60.4,49.5,29.1,18.2
60.4,49.5,29,18.2
60.4,49.5,29,18.2
60.4,49.5,29.1,18.2
60.4,49.5,29.1,18.2
60.4,49.5,29,18.2
60.5,49.5,29.1,18.2
60.5,49.5,29.1,18.2
60.5,49.5,29.1,18.2
60.5,49.5,29.1,18.3
60.5,49.5,29.1,18.3
60.5,49.5,29.1,18.2
60.5,49.5,29.1,18.2
60.5,49.5,29.2,18.3
60.5,49.5,29.2,18.3
60.5,49.5,29.2,18.2
60.5,49.6,29.2,18.2
60.5,49.6,29.1,18.2
60.6,49.6,29.1,18.3
60.6,49.6,29.1,18.4
60.6,49.6,29.1,18.4
60.6,49.6,29.1,18.4
60.6,49.6,29.2,18.3
60.6,49.6,29.2,18.3
60.6,49.6,29.1,18.3
60.6,49.6,29.2,18.3
60.6,49.6,29.2,18.4
60.6,49.6,29.2,18.4
60.6,49.6,29.2,18.3
60.6,49.7,29.2,18.4
60.6,49.6,29.2,18.3
60.6,49.6,29.1,18.2
60.6,49.6,29.1,18.2
60.6,49.7,29.1,18.2
60.6,49.7,29.1,18.2
60.6,49.7,29.1,18.2
60.6,49.7,29.2,18.2
60.6,49.7,29.1,18.2
60.6,49.8,29.1,18.2
60.6,49.8,29.2,18.2
60.6,49.7,29.2,18.2
60.6,49.8,29.2,18.2
60.7,49.8,29.2,18.2
60.7,49.8,29.2,18.2
60.6,49.8,29.2,18.2
60.6,49.8,29.2,18.2
60.7,49.8,29.1,18.2
60.7,49.8,29.2,18.2
60.7,49.8,29.2,18.2
60.7,49.8,29.2,18.2
60.7,49.8,29.2,18.2
60.7,49.8,29.1,18.2
60.7,49.8,29.1,18.2
60.7,49.8,29.2,18.2
60.7,49.8,29.2,18.2
60.7,49.8,29.2,18.2
60.7,49.8,29.2,18.2
60.7,49.8,29.2,18.2
60.7,49.9,29.2,18.2
60.7,49.9,29.2,18.2
60.7,49.9,29.2,18.2
60.8,49.9,29.2,18.2
60.8,49.9,29.2,18.2
60.8,49.9,29.2,18.2
60.8,49.9,29.2,18.2
60.8,49.9,29.2,18.2
60.8,49.9,29.2,18.2
60.8,50,29.2,18.2
60.8,50,29.2,18.2
60.9,50,29.2,18.2
60.9,50,29.2,18.2
60.9,50,29.2,18.2
60.9,50,29.2,18.2
60.9,50,29.2,18.2
60.9,50,29.2,18.2
60.9,50,29.2,18.2
60.9,50,29.2,18.2
60.9,50,29.3,18.2
60.9,50,29.3,18.2
60.9,50,29.3,18.2
60.9,50,29.3,18.2
60.9,50,29.3,18.2
60.9,50,29.3,18.2
60.9,50,29.3,18.2
60.9,50.1,29.3,18.2
61,50.1,29.3,18.2
61,50.1,29.3,18.3
61,50.1,29.3,18.2
61,50.1,29.3,18.2
61,50.1,29.3,18.2
61,50.1,29.3,18.2
61,50.1,29.3,18.2
61,50.1,29.3,18.2
61,50.1,29.3,18.2
61,50.2,29.3,18.2
61,50.2,29.3,18.2
61.1,50.1,29.3,18.2
61.1,50.1,29.3,18.2
61,50.2,29.3,18.2
61,50.2,29.3,18.2
61.1,50.2,29.3,18.2
61.1,50.2,29.3,18.2
61.2,50.2,29.3,18.2
61.2,50.2,29.3,18.2
61.2,50.2,29.3,18.2
61.2,50.2,29.3,18.2
61.2,50.2,29.3,18.2
61.2,50.2,29.3,18.2
61.2,50.2,29.3,18.2
61.2,50.2,29.3,18.2
61.2,50.2,29.3,18.2
61.2,50.2,29.3,18.2
61.2,50.2,29.4,18.2
61.2,50.2,29.4,18.2
61.2,50.2,29.5,18.3
61.3,50.2,29.5,18.2
61.3,50.2,29.5,18.2
61.3,50.2,29.5,18.2
61.3,50.2,29.5,18.2
61.3,50.2,29.5,18.3
61.3,50.3,29.5,18.3
61.3,50.3,29.5,18.3
61.3,50.2,29.5,18.2
61.3,50.2,29.5,18.2
61.4,50.3,29.5,18.2
61.4,50.3,29.5,18.2
61.3,50.3,29.5,18.3
61.3,50.3,29.5,18.3
61.4,50.3,29.5,18.2
61.4,50.4,29.5,18.2
61.4,50.4,29.5,18.2
61.4,50.4,29.5,18.2
61.4,50.4,29.5,18.2
61.4,50.3,29.5,18.2
61.4,50.4,29.5,18.2
61.4,50.4,29.5,18.2
61.4,50.4,29.5,18.2
61.4,50.4,29.5,18.2
61.4,50.4,29.5,18.4
61.4,50.4,29.5,18.4
61.4,50.4,29.5,18.3
61.4,50.4,29.5,18.3
61.4,50.4,29.5,18.3
61.5,50.4,29.5,18.3
61.5,50.4,29.6,18.3
61.5,50.4,29.6,18.4
61.4,50.4,29.6,18.4
61.5,50.4,29.6,18.4
61.5,50.5,29.6,18.3
61.4,50.5,29.6,18.4
61.5,50.5,29.6,18.4
61.5,50.5,29.6,18.4
61.5,50.5,29.6,18.3
61.6,50.6,29.6,18.3
61.6,50.6,29.6,18.3
61.6,50.6,29.6,18.3
61.6,50.6,29.6,18.3
61.6,50.6,29.6,18.4
61.6,50.6,29.6,18.4
61.6,50.6,29.6,18.4
61.6,50.6,29.6,18.4
61.6,50.6,29.6,18.4
61.6,50.6,29.6,18.4
61.6,50.6,29.6,18.3
61.6,50.6,29.7,18.3
61.6,50.6,29.7,18.3
61.6,50.6,29.7,18.3
61.7,50.6,29.7,18.3
61.7,50.6,29.7,18.3
61.7,50.6,29.6,18.3
61.7,50.6,29.7,18.3
61.7,50.6,29.7,18.3
61.7,50.6,29.7,18.4
61.7,50.6,29.7,18.4
61.7,50.6,29.7,18.4
61.7,50.6,29.7,18.4
61.7,50.6,29.6,18.4
61.7,50.7,29.7,18.4
61.7,50.7,29.7,18.3
61.7,50.7,29.7,18.3
61.7,50.7,29.7,18.3
61.7,50.7,29.7,18.4
61.7,50.7,29.7,18.4
61.7,50.7,29.7,18.4
61.7,50.7,29.7,18.4
61.7,50.7,29.7,18.4
61.7,50.7,29.7,18.4
61.7,50.8,29.7,18.3
61.7,50.8,29.8,18.3
61.7,50.8,29.7,18.3
61.7,50.8,29.7,18.3
61.7,50.8,29.7,18.3
61.7,50.8,29.8,18.3
61.7,50.8,29.8,18.3
61.7,50.8,29.7,18.3
61.7,50.8,29.7,18.3
61.7,50.8,29.6,18.3
61.7,50.9,29.6,18.4
61.7,50.9,29.6,18.4
61.7,50.9,29.6,18.3
61.7,50.9,29.7,18.3
61.8,50.9,29.7,18.3
61.8,50.9,29.7,18.3
61.8,50.9,29.7,18.4
61.8,50.9,29.7,18.4
61.8,50.9,29.6,18.3
61.8,50.9,29.7,18.4
61.8,50.9,29.7,18.4
61.8,50.9,29.7,18.3
61.8,50.9,29.7,18.3
61.8,50.9,29.8,18.3
61.8,51,29.7,18.3
61.8,51,29.7,18.3
61.8,51,29.8,18.3
61.8,51,29.7,18.3
61.9,51,29.8,18.3
61.9,51,29.8,18.3
61.9,51,29.8,18.3
62,51,29.8,18.3
62,51,29.8,18.3
61.9,51,29.8,18.3
62,51,29.7,18.3
62,51,29.7,18.3
62,51,29.8,18.3
62,51,29.8,18.3
62,50.9,29.8,18.3
62,51,29.8,18.3
62,51,29.8,18.4
62,51,29.8,18.4
62,51,29.8,18.3
62,51,29.8,18.3
62,51,29.8,18.3
62,51,29.8,18.3
62,51,29.8,18.3
62,51,29.8,18.3
62,51,29.8,18.3
62,51,29.8,18.3
62,51,29.8,18.4
62,51,29.9,18.4
62,51,29.9,18.4
62,51,29.8,18.4
62,51,29.8,18.5
62,51,29.8,18.5
62,51,30,18.4
62,51,30,18.4
62,51,30,18.4
62,51,30,18.4
62,51,30,18.4
62,51,30,18.4
62,51,29.9,18.4
62,51,29.9,18.4
62,51,29.9,18.4
62,51,30,18.4
62,51.1,30,18.3
62,51.1,29.9,18.3
62,51.1,30,18.4
62.1,51.2,30,18.4
62.1,51.2,30,18.4
62.1,51.1,30,18.4
62.1,51.2,30,18.4
62.1,51.2,30,18.4
62.1,51.2,29.9,18.4
62.1,51.2,29.9,18.4
62.1,51.3,29.9,18.4
62.1,51.3,29.8,18.4
62.1,51.3,29.8,18.4
62.1,51.3,29.9,18.4
62.1,51.3,30,18.5
62.1,51.3,30,18.5
62.1,51.3,30,18.4
62.1,51.3,30,18.5
62.1,51.3,30,18.4
62.2,51.3,30,18.4
62.2,51.3,30,18.4
62.1,51.3,30,18.5
62.2,51.3,30,18.5
62.2,51.3,30,18.4
62.2,51.3,30,18.4
62.2,51.3,30,18.4
62.2,51.3,30,18.4
62.2,51.3,29.9,18.4
62.3,51.3,30,18.4
62.3,51.4,30,18.4
62.2,51.4,30,18.4
62.2,51.4,30,18.4
62.3,51.3,30,18.4
62.3,51.4,30,18.4
62.3,51.4,30,18.4
62.3,51.4,30,18.4
62.3,51.4,30,18.4
62.3,51.4,30,18.4
62.3,51.4,30,18.4
62.2,51.4,30,18.4
62.3,51.4,30,18.4
62.3,51.4,30,18.4
62.3,51.4,30,18.4
62.3,51.4,30,18.4
62.3,51.4,30,18.4
62.3,51.4,30,18.4
62.3,51.4,30,18.4
62.3,51.4,30,18.4
62.4,51.4,30,18.4
62.4,51.4,30,18.4
62.4,51.4,30,18.4
62.4,51.4,30,18.4
62.4,51.4,30,18.4
62.4,51.4,30,18.5
62.4,51.4,30,18.5
62.4,51.4,30,18.4
62.4,51.4,30,18.4
62.4,51.5,30,18.4
62.4,51.5,30,18.4
62.4,51.5,30,18.4
62.4,51.5,30,18.4
62.4,51.5,30,18.4
62.4,51.5,30,18.4
62.4,51.5,30,18.4
62.4,51.5,30,18.5
62.4,51.5,30,18.5
62.4,51.5,30,18.5
62.4,51.5,30,18.5
62.4,51.6,30,18.5
62.4,51.6,30,18.4
62.5,51.6,30.1,18.4
62.5,51.6,30.1,18.4
62.5,51.6,30.1,18.4
62.5,51.6,30.1,18.4
62.5,51.6,30.1,18.4
62.5,51.6,30.1,18.4
62.6,51.6,30.1,18.4
62.6,51.6,30.1,18.4
62.6,51.6,30.1,18.4
62.6,51.6,30.1,18.4
62.6,51.6,30.1,18.4
62.6,51.6,30.1,18.4
62.6,51.6,30.1,18.4
62.6,51.6,30.1,18.4
62.6,51.6,30.1,18.4
62.6,51.6,30.1,18.4
62.6,51.6,30.1,18.4
62.7,51.6,30.1,18.5
62.7,51.6,30.1,18.5
62.7,51.6,30.1,18.4
62.7,51.6,30.1,18.4
62.7,51.6,30,18.4
62.7,51.6,30,18.4
62.7,51.7,30,18.4
62.7,51.7,30,18.4
62.7,51.7,30,18.4
62.7,51.7,30,18.5
62.7,51.7,30,18.5
62.7,51.7,30.1,18.4
62.7,51.7,30.1,18.5
62.7,51.7,30.1,18.5
62.7,51.7,30.1,18.5
62.7,51.7,30.1,18.5
62.7,51.7,30.1,18.4
62.7,51.7,30.1,18.4
62.7,51.7,30.1,18.4
62.7,51.7,30.1,18.4
62.7,51.7,30.1,18.4
62.7,51.7,30.1,18.4
62.7,51.7,30.1,18.4
62.7,51.7,30.1,18.4
62.7,51.7,30.1,18.5
62.7,51.8,30.1,18.5
62.8,51.8,30.1,18.4
62.8,51.7,30.1,18.4
62.8,51.7,30.1,18.4
62.8,51.8,30.1,18.4
62.8,51.8,30.1,18.4
62.8,51.8,30.1,18.4
62.8,51.8,30.1,18.4
62.8,51.8,30.1,18.4
62.8,51.8,30.1,18.4
62.8,51.8,30.1,18.4
62.8,51.8,30.1,18.4
62.8,51.8,30.1,18.4
62.8,51.8,30.1,18.4
62.9,51.8,30.1,18.4
62.9,51.8,30.1,18.4
62.9,51.8,30.1,18.4
62.9,51.8,30.1,18.4
62.9,51.8,30.1,18.4
62.9,51.8,30.1,18.4
62.9,51.8,30.1,18.4
62.9,51.8,30.1,18.4
62.9,51.8,30.1,18.4
62.9,51.9,30.1,18.4
62.9,51.9,30.1,18.4
62.9,51.9,30.1,18.4
62.9,51.9,30.1,18.4
62.9,51.9,30.2,18.4
62.9,51.9,30.2,18.5
62.9,52,30.3,18.5
62.9,52,30.3,18.5
62.9,52,30.3,18.5
62.9,52,30.3,18.5
62.9,52,30.3,18.5
62.9,52,30.3,18.5
62.9,52.1,30.3,18.5
62.9,52.1,30.3,18.5
62.9,52.1,30.4,18.5
62.9,52,30.4,18.5
62.9,52.1,30.3,18.5
62.9,52.1,30.3,18.5
62.9,52.1,30.3,18.5
62.9,52.1,30.3,18.4
62.9,52,30.3,18.4
62.9,52.1,30.3,18.4
62.9,52.1,30.3,18.5
62.9,52.1,30.3,18.5
62.9,52.1,30.3,18.5
62.9,52.1,30.3,18.5
62.9,52.1,30.4,18.5
62.9,52.1,30.4,18.5
62.9,52.1,30.4,18.4
62.9,52.1,30.4,18.4
62.9,52.1,30.3,18.4
63,52.1,30.3,18.4
63,52.1,30.3,18.4
63,52.1,30.3,18.4
63,52.1,30.3,18.4
63,52.1,30.3,18.4
63,52.1,30.3,18.4
63,52.1,30.3,18.4
63,52.1,30.3,18.4
63,52.1,30.3,18.4
63,52.1,30.3,18.4
63,52.1,30.3,18.4
63,52.1,30.4,18.4
63,52.1,30.4,18.4
63,52.1,30.4,18.5
63,52.1,30.4,18.5
63.1,52.1,30.3,18.5
63.1,52.1,30.4,18.5
63.1,52.1,30.4,18.5
63.1,52.1,30.4,18.5
63.1,52.1,30.4,18.5
63.1,52.1,30.4,18.5
63.1,52.1,30.4,18.5
63.2,52.1,30.4,18.5
63.2,52.1,30.3,18.5
63.2,52.1,30.3,18.5
63.2,52.1,30.3,18.5
63.2,52.1,30.4,18.4
63.2,52.1,30.4,18.5
63.2,52.1,30.4,18.5
63.2,52.1,30.4,18.5
63.2,52.2,30.4,18.5
63.2,52.2,30.4,18.5
63.2,52.2,30.3,18.5
63.2,52.2,30.3,18.5
63.2,52.2,30.3,18.5
63.2,52.2,30.3,18.5
63.2,52.2,30.4,18.5
63.2,52.2,30.4,18.5
63.2,52.2,30.5,18.5
63.2,52.2,30.4,18.5
63.2,52.2,30.3,18.4
63.3,52.2,30.3,18.4
63.3,52.2,30.3,18.5
63.3,52.2,30.4,18.5
63.3,52.2,30.5,18.4
63.3,52.2,30.5,18.4
63.3,52.2,30.5,18.4
63.3,52.2,30.5,18.4
63.3,52.2,30.5,18.4
63.3,52.2,30.5,18.5
63.3,52.2,30.5,18.5
63.3,52.2,30.5,18.5
63.3,52.2,30.5,18.5
63.3,52.2,30.5,18.5
63.3,52.2,30.4,18.5
63.3,52.2,30.4,18.4
63.3,52.2,30.4,18.4
63.3,52.3,30.4,18.4
63.3,52.3,30.3,18.4
63.3,52.3,30.4,18.4
63.3,52.3,30.4,18.4
63.3,52.3,30.4,18.4
63.3,52.4,30.4,18.4
63.3,52.4,30.4,18.4
63.3,52.4,30.4,18.4
63.3,52.4,30.3,18.4
63.3,52.4,30.3,18.4
63.3,52.4,30.4,18.4
63.3,52.4,30.4,18.4
63.4,52.4,30.4,18.4
63.4,52.4,30.5,18.4
63.3,52.4,30.5,18.4
63.3,52.4,30.4,18.4
63.4,52.4,30.4,18.4
63.4,52.4,30.5,18.4
63.4,52.4,30.5,18.4
63.4,52.4,30.5,18.4
63.4,52.4,30.5,18.4
63.4,52.4,30.5,18.4
63.4,52.4,30.5,18.4
63.5,52.4,30.5,18.5
63.5,52.4,30.5,18.5
63.5,52.4,30.5,18.5
63.5,52.4,30.5,18.5
63.5,52.4,30.5,18.4
63.5,52.4,30.5,18.4
63.5,52.4,30.5,18.5
63.5,52.4,30.5,18.5
63.5,52.4,30.5,18.5
63.5,52.4,30.5,18.4
63.5,52.4,30.5,18.4
63.5,52.4,30.5,18.4
63.6,52.5,30.5,18.4
63.6,52.5,30.5,18.5
63.6,52.5,30.5,18.4
63.6,52.5,30.5,18.4
63.6,52.5,30.5,18.4
63.6,52.5,30.5,18.4
63.5,52.5,30.5,18.4
63.6,52.5,30.5,18.4
63.6,52.5,30.5,18.5
63.6,52.5,30.6,18.4
63.6,52.5,30.6,18.4
63.6,52.5,30.6,18.5
63.6,52.5,30.6,18.4
63.6,52.5,30.5,18.4
63.6,52.5,30.5,18.4
63.6,52.5,30.5,18.4
63.6,52.5,30.5,18.4
63.6,52.5,30.5,18.4
63.6,52.5,30.5,18.4
63.6,52.5,30.5,18.4
63.6,52.5,30.5,18.4
63.6,52.5,30.5,18.4
63.6,52.5,30.5,18.5
63.6,52.5,30.5,18.4
63.6,52.5,30.5,18.4
63.6,52.5,30.5,18.4
63.6,52.5,30.5,18.4
63.6,52.5,30.5,18.4
63.6,52.5,30.5,18.4
63.6,52.5,30.5,18.4
63.6,52.5,30.5,18.4
63.6,52.5,30.5,18.4
63.6,52.5,30.5,18.4
63.6,52.5,30.5,18.4
63.6,52.5,30.5,18.4
63.6,52.5,30.5,18.4
63.6,52.5,30.5,18.4
63.6,52.5,30.4,18.4
63.6,52.5,30.5,18.4
63.6,52.5,30.5,18.4
63.6,52.5,30.5,18.4
63.6,52.5,30.5,18.4
63.6,52.5,30.5,18.4
63.6,52.6,30.5,18.4
63.6,52.6,30.5,18.4
63.6,52.5,30.5,18.4
63.6,52.6,30.5,18.4
63.6,52.6,30.5,18.4
63.6,52.6,30.5,18.4
63.6,52.6,30.5,18.4
63.6,52.6,30.6,18.4
63.6,52.6,30.6,18.4
63.6,52.6,30.6,18.4
63.6,52.7,30.6,18.4
63.6,52.7,30.6,18.4
63.6,52.6,30.6,18.4
63.6,52.7,30.6,18.4
63.6,52.7,30.6,18.4
63.6,52.7,30.6,18.4
63.6,52.7,30.6,18.4
63.6,52.7,30.6,18.4
63.6,52.7,30.6,18.4
63.6,52.7,30.6,18.4
63.6,52.7,30.6,18.4
63.6,52.7,30.6,18.4
63.6,52.7,30.6,18.4
63.6,52.7,30.6,18.4
63.6,52.7,30.6,18.4
63.6,52.7,30.6,18.4
63.7,52.8,30.6,18.4
63.7,52.8,30.6,18.4
63.7,52.8,30.6,18.4
63.7,52.8,30.6,18.4
63.7,52.8,30.6,18.4
63.7,52.8,30.6,18.4
63.7,52.8,30.6,18.4
63.7,52.8,30.6,18.4
63.7,52.8,30.6,18.4
63.7,52.8,30.6,18.4
63.7,52.8,30.6,18.4
63.8,52.8,30.6,18.4
63.8,52.8,30.6,18.4
63.8,52.8,30.6,18.4
63.8,52.8,30.6,18.4
63.8,52.8,30.6,18.4
63.8,52.8,30.6,18.4
63.8,52.8,30.6,18.4
63.9,52.8,30.6,18.4
63.9,52.8,30.6,18.4
63.8,52.8,30.6,18.4
63.8,52.8,30.6,18.4
63.9,52.8,30.6,18.5
63.9,52.8,30.6,18.4
63.9,52.8,30.6,18.4
63.9,52.8,30.6,18.4
63.9,52.8,30.6,18.4
63.9,52.8,30.6,18.4
63.9,52.8,30.6,18.4
63.9,52.8,30.6,18.4
63.9,52.8,30.6,18.4
63.9,52.9,30.6,18.4
63.9,52.9,30.6,18.4
63.9,52.9,30.6,18.4
63.9,52.9,30.6,18.4
63.9,52.9,30.6,18.4
63.9,52.9,30.6,18.4
63.9,52.9,30.6,18.4
63.9,53,30.6,18.4
63.9,53,30.6,18.4
63.9,53,30.6,18.4
63.9,53,30.6,18.4
63.9,53,30.6,18.4
63.9,53,30.6,18.4
63.9,53,30.6,18.4
63.9,53,30.6,18.4
63.9,53,30.6,18.4
63.9,53,30.6,18.4
63.9,53,30.6,18.4
63.9,53,30.6,18.4
63.9,53,30.6,18.4
64,53,30.6,18.4
64,53,30.6,18.4
64,53,30.6,18.4
64,53,30.6,18.4
64,53,30.6,18.4
63.9,53,30.6,18.4
63.9,53,30.6,18.4
63.9,53,30.6,18.4
63.9,53,30.6,18.4
64,53,30.6,18.4
64,53,30.6,18.4
64,53,30.6,18.4
64,53,30.6,18.4
64,53,30.6,18.4
64,53,30.6,18.4
64,53,30.6,18.4
64,53,30.6,18.4
64,53,30.6,18.4
64,53,30.6,18.4
64,53,30.6,18.4
64,53,30.6,18.4
64,53,30.6,18.4
64,53,30.6,18.4
64,53,30.6,18.4
64,53,30.7,18.4
64,53,30.6,18.4
64.1,53,30.6,18.4
64.1,53,30.6,18.4
64,53,30.6,18.4
64.1,53,30.6,18.4
64.1,53,30.6,18.4
64,53,30.6,18.4
64,53,30.6,18.4
64.1,53,30.6,18.3
64.1,53,30.6,18.3
64.1,53,30.7,18.4
64.1,53,30.7,18.3
64.1,53,30.7,18.3
64.1,53,30.7,18.4
64.1,53,30.7,18.3
64.1,53,30.7,18.2
64.1,53,30.7,18.3
64.1,53,30.7,18.4
64.1,53,30.7,18.3
64.1,53,30.7,18.2
64.1,53,30.7,18.3
64.1,53,30.7,18.2
64.1,53,30.7,18.2
64.1,53,30.7,18.3
64.1,53,30.8,18.4
64.2,53.1,30.8,18.4
64.2,53.1,30.8,18.4
64.2,53.1,30.8,18.3
64.2,53.1,30.8,18.3
64.2,53.1,30.8,18.3
64.2,53.1,30.8,18.3
64.2,53.1,30.8,18.3
64.2,53.1,30.7,18.3
64.2,53.1,30.8,18.3
64.2,53.1,30.8,18.3
64.2,53.1,30.7,18.3
64.2,53.1,30.7,18.3
64.2,53.1,30.8,18.3
64.2,53.1,30.8,18.3
64.2,53.1,30.8,18.2
64.2,53.1,30.7,18.2
64.2,53.1,30.7,18.2
64.2,53.1,30.7,18.2
64.2,53.1,30.8,18.3
64.2,53.2,30.8,18.3
64.2,53.2,30.8,18.2
64.3,53.2,30.8,18.2
64.2,53.2,30.8,18.2
64.2,53.2,30.8,18.2
64.2,53.2,30.8,18.2
64.2,53.2,30.8,18.2
64.2,53.2,30.8,18.2
64.2,53.3,30.8,18.2
64.2,53.3,30.8,18.2
64.2,53.3,30.8,18.2
64.2,53.3,30.8,18.2
64.2,53.3,30.8,18.2
64.2,53.3,30.8,18.2
64.2,53.3,30.8,18.2
64.2,53.3,30.8,18.2
64.2,53.3,30.8,18.2
64.2,53.3,30.8,18.3
64.2,53.3,30.8,18.3
64.2,53.3,30.8,18.3
64.2,53.3,30.8,18.3
64.2,53.3,30.8,18.3
64.2,53.3,30.7,18.3
64.2,53.3,30.7,18.2
64.2,53.3,30.8,18.2
64.2,53.3,30.8,18.2
64.2,53.3,30.7,18.2
64.2,53.3,30.7,18.3
64.2,53.3,30.7,18.3
64.2,53.3,30.7,18.3
64.2,53.3,30.7,18.3
64.2,53.3,30.7,18.2
64.2,53.3,30.7,18.2
64.2,53.3,30.7,18.2
64.2,53.3,30.7,18.2
64.2,53.3,30.7,18.2
64.2,53.3,30.8,18.2
64.2,53.3,30.8,18.2
64.2,53.2,30.9,18.3
64.3,53.2,30.8,18.3
64.3,53.3,30.9,18.3
64.3,53.3,30.9,18.3
64.3,53.2,30.9,18.2
64.3,53.3,30.8,18.2
64.4,53.3,30.8,18.3
64.4,53.3,30.8,18.3
64.4,53.2,30.8,18.4
64.4,53.2,30.8,18.4
64.4,53.2,30.8,18.4
64.4,53.2,30.8,18.4
64.4,53.3,30.8,18.4
64.4,53.3,30.8,18.4
64.4,53.3,30.8,18.4
64.4,53.3,30.8,18.3
64.4,53.3,30.8,18.4
64.4,53.3,30.8,18.4
64.4,53.3,30.8,18.4
64.4,53.3,30.8,18.4
64.4,53.3,30.8,18.3
64.4,53.3,30.8,18.3
64.4,53.4,30.8,18.3
64.4,53.4,30.8,18.3
64.4,53.3,30.8,18.3
64.4,53.3,30.8,18.3
64.4,53.3,30.8,18.3
64.4,53.4,30.8,18.3
64.4,53.4,30.8,18.3
64.4,53.4,30.8,18.3
64.4,53.4,30.8,18.3
64.4,53.4,30.8,18.3
64.4,53.4,30.8,18.3
64.4,53.4,30.8,18.3
64.4,53.4,30.8,18.3
64.4,53.4,30.8,18.3
64.4,53.4,30.8,18.3
64.4,53.4,30.8,18.4
64.4,53.4,30.8,18.4
64.4,53.4,30.8,18.4
64.4,53.4,30.9,18.4
64.4,53.4,30.9,18.4
64.4,53.4,30.9,18.4
64.4,53.4,30.9,18.4
64.4,53.4,30.8,18.4
64.4,53.4,30.8,18.4
64.4,53.4,30.8,18.4
64.5,53.4,30.8,18.4
64.5,53.4,30.8,18.4
64.4,53.4,30.8,18.4
64.5,53.4,30.8,18.4
64.5,53.4,30.8,18.4
64.5,53.4,30.8,18.4
64.4,53.4,30.8,18.3
64.4,53.4,30.8,18.3
64.5,53.4,30.8,18.3
64.5,53.4,30.8,18.3
64.4,53.4,30.8,18.3
64.5,53.4,30.8,18.4
64.5,53.4,30.8,18.4
64.5,53.4,30.9,18.4
64.5,53.4,30.8,18.4
64.5,53.4,30.8,18.4
64.4,53.4,30.8,18.4
64.5,53.5,30.8,18.4
64.5,53.6,30.9,18.4
64.4,53.5,30.9,18.4
64.5,53.6,30.9,18.4
64.6,53.6,31,18.4
64.6,53.5,31,18.4
64.6,53.5,30.9,18.4
64.6,53.5,30.9,18.4
64.6,53.5,30.9,18.4
64.6,53.5,30.9,18.3
64.6,53.5,30.9,18.3
64.6,53.5,31,18.3
64.6,53.5,30.9,18.3
64.6,53.5,30.9,18.3
64.6,53.6,30.9,18.3
64.6,53.6,30.9,18.2
64.6,53.5,31,18.2
64.6,53.5,31,18.2
64.6,53.5,31,18.2
64.6,53.6,30.9,18.3
64.6,53.6,30.9,18.3
64.6,53.6,30.9,18.3
64.6,53.6,31,18.3
64.6,53.6,31,18.2
64.6,53.6,31,18.2
64.6,53.6,31,18.2
64.6,53.6,30.9,18.2
64.6,53.6,30.9,18.2
64.6,53.6,31,18.2
64.6,53.6,31,18.2
64.6,53.6,31,18.2
64.6,53.6,31,18.2
64.6,53.6,31,18.2
64.6,53.6,31,18.2
64.6,53.6,31,18.2
64.6,53.6,30.9,18.2
64.6,53.6,30.9,18.2
64.6,53.6,31,18.2
64.6,53.6,31,18.2
64.6,53.6,31,18.2
64.6,53.6,31,18.2
64.6,53.6,30.9,18.2
64.6,53.6,30.9,18.2
64.6,53.6,30.9,18.2
64.6,53.6,30.9,18.2
64.6,53.6,30.8,18.2
64.6,53.6,30.9,18.2
64.6,53.6,31,18.2
64.6,53.6,31,18.2
64.6,53.6,30.9,18.2
64.6,53.6,31,18.2
64.6,53.6,31,18.2
64.6,53.6,31,18.2
64.6,53.6,31,18.2
64.6,53.6,31,18.2
64.6,53.6,31,18.2
64.6,53.6,31,18.1
64.6,53.6,30.9,18.1
64.6,53.6,31,18.2
64.6,53.6,31,18.2
64.6,53.6,31,18.2
64.7,53.6,30.9,18.1
64.7,53.6,31,18.2
64.7,53.6,31,18.3
64.7,53.6,31,18.2
64.7,53.6,31.1,18.3
64.7,53.6,31.1,18.3
64.7,53.6,31,18.3
64.7,53.6,31.1,18.2
64.7,53.6,31.1,18.2
64.7,53.6,31.1,18.3
64.7,53.6,31,18.2
64.7,53.6,31,18.2
64.7,53.6,31,18.2
64.7,53.6,31,18.2
64.7,53.6,31,18.2
64.8,53.6,31,18.2
64.8,53.6,31,18.3
64.8,53.6,31,18.3
64.7,53.6,31,18.2
64.8,53.6,31,18.2
64.8,53.6,31.1,18.2
64.7,53.6,31.1,18.2
64.9,53.7,31.1,18.2
64.9,53.7,31,18.3
64.8,53.7,31,18.3
64.9,53.7,31,18.3
64.9,53.7,31,18.3
64.9,53.7,31,18.3
64.9,53.7,31,18.3
64.9,53.7,31,18.3
64.9,53.8,31,18.3
64.9,53.8,31,18.3
64.8,53.8,31,18.3
64.8,53.8,31,18.3
64.8,53.8,31,18.3
64.9,53.8,31,18.3
64.9,53.8,31,18.3
64.8,53.8,31,18.3
64.8,53.8,31,18.3
64.8,53.8,31,18.3
64.8,53.9,31,18.3
64.8,53.9,31,18.3
64.8,53.9,31,18.3
64.8,53.8,31,18.3
64.7,53.8,31,18.3
64.8,53.8,31,18.2
64.8,53.8,31,18.2
64.8,53.9,31,18.3
64.8,53.9,31,18.2
64.8,53.9,31,18.2
64.8,53.9,31,18.2
64.8,53.9,31,18.2
64.8,53.9,31,18.2
64.8,53.9,31,18.2
64.8,53.9,31,18.2
64.8,53.9,31,18.2
64.8,53.9,31,18.2
64.8,53.8,31,18.2
64.8,53.9,31,18.2
64.8,53.9,31,18.2
64.8,53.9,31.1,18.2
64.9,53.9,31.1,18.2
64.9,53.9,31.1,18.2
64.8,53.9,31,18.2
64.9,53.9,31,18.2
64.9,53.9,31.1,18.2
64.9,53.9,31,18.2
64.9,53.9,31,18.1
64.9,53.8,31,18.1
64.9,53.9,31,18.2
64.9,53.9,31,18.2
64.9,53.8,31,18.2
64.9,53.8,31,18.2
64.9,53.8,31,18.2
64.9,53.9,31,18.1
64.9,53.9,31,18.1
64.9,53.8,31,18.2
64.9,53.8,31,18.2
64.9,53.8,31,18.2
64.9,53.8,31,18.2
64.9,53.8,31,18.1
64.9,53.8,31.1,18.1
64.9,53.9,31.1,18.1
64.9,53.9,31.1,18.1
64.9,53.9,31.1,18.1
64.9,53.8,31,18.2
64.9,53.8,31,18.1
64.9,53.9,31.1,18.1
64.9,53.9,31.1,18.1
64.9,53.9,31.1,18.1
64.9,53.9,31,18.2
64.9,53.9,31.1,18.1
64.9,53.8,31.1,18.1
65,53.9,31.1,18.1
65,53.9,31.1,18.2
64.9,53.9,31.1,18.2
64.9,53.9,31.1,18.1
64.9,53.9,31.1,18.2
64.9,53.9,31.1,18.2
65,53.9,31.1,18.1
65,53.9,31.1,18.1
65,53.9,31.1,18.2
65,53.9,31.1,18.2
65,53.9,31.1,18.2
65,53.9,31.1,18.2
65,53.9,31.1,18.2
65,53.8,31.2,18.3
65,53.9,31.2,18.3
65,53.9,31.2,18.3
65,53.9,31.1,18.2
65,53.9,31.1,18.2
65,53.9,31.1,18.2
65,53.9,31.1,18.3
65,53.9,31.1,18.2
65,53.9,31.1,18.2
65,53.9,31.1,18.2
65,53.9,31.1,18.2
65,53.9,31.1,18.2
65,54,31,18.2
65,54,31,18.2
65,53.9,31,18.2
65.1,53.9,31,18.2
65.1,54,31.1,18.2
65.1,54,31.1,18.2
65.1,54,31,18.2
65.1,54,31.1,18.2
65.1,54,31.1,18.2
65.1,54,31,18.2
65.1,54,31.1,18.2
65.1,54,31.1,18.2
65.1,54,31.2,18.2
65.1,54,31.2,18.2
65.1,54,31.2,18.2
65.1,54,31.2,18.2
65.1,54,31.2,18.2
65.1,54,31.1,18.2
65.1,54,31.1,18.2
65.1,54,31.1,18.2
65.1,54,31.1,18.2
65.1,54,31.1,18.2
65.1,54,31.1,18.2
65.1,54,31.1,18.2
65.1,54,31.1,18.2
65.1,54,31.1,18.2
65.1,54,31.1,18.2
65.1,54,31.1,18.2
65.1,54,31.1,18.2
65.1,54,31.1,18.2
65.1,54,31.1,18.2
65.1,54,31.1,18.2
65.1,54,31.1,18.2
65.1,54,31.1,18.2
65.1,54,31.2,18.2
65.1,54,31.2,18.2
65.1,54,31.2,18.2
65.1,54,31.2,18.2
65.1,54,31.1,18.2
65.1,54,31.1,18.2
65.1,54,31.1,18.2
65.1,54,31.1,18.2
65.1,54,31.1,18.2
65.2,54,31.1,18.2
65.2,54,31.2,18.2
65.1,54,31.2,18.2
65.1,54,31.2,18.2
65.1,54,31.1,18.1
65.1,54.1,31.1,18.1
65.1,54.1,31.1,18.2
65.1,54,31.1,18.2
65.1,54.1,31.2,18.2
65.1,54.1,31.2,18.2
65.1,54.1,31.1,18.2
65.1,54.1,31.1,18.2
65.1,54.1,31.1,18.2
65.1,54.1,31.1,18.2
65.1,54.1,31.1,18.2
65.1,54.1,31.1,18.2
65.1,54.1,31.1,18.2
65.1,54.1,31.1,18.2
65.1,54.1,31.1,18.2
65.1,54.1,31.2,18.2
65.1,54.1,31.2,18.2
65.1,54.1,31.2,18.2
65.1,54.1,31.1,18.2
65.1,54.1,31.1,18.2
65.1,54.1,31.1,18.2
65.1,54.1,31.1,18.2
65.1,54.1,31.2,18.2
65.1,54.1,31.2,18.2
65.1,54.1,31.2,18.2
65.1,54.1,31.2,18.2
65.2,54.1,31.2,18.2
65.2,54.1,31.1,18.2
65.2,54.1,31.2,18.2
65.2,54.1,31.2,18.2
65.2,54.2,31.1,18.2
65.2,54.2,31.2,18.2
65.2,54.2,31.2,18.2
65.2,54.2,31.2,18.2
65.2,54.2,31.2,18.3
65.2,54.2,31.2,18.2
65.2,54.1,31.2,18.2
65.2,54.2,31.2,18.2
65.2,54.2,31.2,18.2
65.2,54.2,31.2,18.2
65.2,54.2,31.2,18.2
65.2,54.2,31.2,18.1
65.2,54.2,31.2,18.2
65.2,54.2,31.2,18.2
65.2,54.2,31.2,18.2
65.2,54.2,31.2,18.2
65.2,54.2,31.2,18.2
65.2,54.2,31.2,18.2
65.2,54.2,31.2,18.2
65.2,54.2,31.2,18.2
65.2,54.2,31.2,18.2
65.2,54.2,31.2,18.2
65.2,54.2,31.2,18.2
65.2,54.2,31.1,18.2
65.2,54.2,31.1,18.2
65.2,54.2,31.1,18.2
65.2,54.2,31.2,18.2
65.2,54.2,31.2,18.2
65.2,54.2,31.2,18.2
65.2,54.2,31.2,18.2
65.2,54.2,31.1,18.2
65.2,54.2,31.2,18.3
65.2,54.2,31.2,18.3
65.2,54.2,31.1,18.3
65.2,54.2,31.1,18.3
65.2,54.2,31.1,18.3
65.2,54.2,31.1,18.3
65.2,54.2,31.1,18.3
65.2,54.2,31.1,18.3
65.2,54.2,31.1,18.3
65.2,54.2,31.2,18.3
65.2,54.2,31.2,18.3
65.2,54.2,31.3,18.3
65.2,54.2,31.3,18.3
65.2,54.2,31.3,18.3
65.2,54.2,31.3,18.4
65.2,54.2,31.3,18.4
65.2,54.2,31.3,18.3
65.2,54.2,31.3,18.3
65.3,54.2,31.2,18.3
65.3,54.2,31.2,18.3
65.2,54.2,31.2,18.3
65.3,54.3,31.3,18.3
65.3,54.3,31.3,18.3
65.3,54.3,31.3,18.3
65.3,54.2,31.3,18.2
65.3,54.2,31.3,18.2
65.3,54.3,31.3,18.3
65.3,54.3,31.3,18.2
65.3,54.3,31.3,18.2
65.3,54.3,31.2,18.2
65.3,54.3,31.2,18.2
65.3,54.2,31.2,18.2
65.3,54.3,31.1,18.2
65.3,54.3,31.1,18.2
65.3,54.3,31.1,18.2
65.3,54.3,31.1,18.2
65.4,54.3,31.2,18.2
65.4,54.3,31.2,18.2
65.4,54.3,31.3,18.2
65.4,54.3,31.3,18.2
65.4,54.3,31.2,18.2
65.4,54.3,31.2,18.3
65.4,54.3,31.1,18.2
65.4,54.3,31.1,18.2
65.4,54.3,31.1,18.2
65.5,54.3,31.2,18.2
65.5,54.3,31.3,18.2
65.5,54.3,31.3,18.2
65.5,54.3,31.2,18.3
65.5,54.3,31.2,18.3
65.4,54.3,31.2,18.2
65.5,54.3,31.2,18.2
65.5,54.3,31.2,18.3
65.5,54.3,31.2,18.3
65.5,54.3,31.3,18.3
65.5,54.3,31.3,18.3
65.5,54.3,31.2,18.3
65.5,54.3,31.2,18.3
65.5,54.3,31.3,18.3
65.5,54.3,31.3,18.3
65.5,54.3,31.3,18.3
65.4,54.3,31.3,18.3
65.5,54.3,31.2,18.4
65.5,54.3,31.2,18.4
65.5,54.3,31.2,18.4
65.5,54.3,31.2,18.4
65.5,54.3,31.2,18.3
65.5,54.3,31.2,18.3
65.5,54.3,31.1,18.3
65.5,54.3,31.1,18.2
65.5,54.3,31.2,18.2
65.5,54.3,31.2,18.2
65.5,54.3,31.3,18.2
65.5,54.3,31.3,18.2
65.5,54.3,31.3,18.3
65.5,54.3,31.3,18.3
65.5,54.3,31.2,18.3
65.5,54.3,31.2,18.4
65.5,54.3,31.2,18.4
65.5,54.3,31.3,18.3
65.5,54.3,31.3,18.3
65.5,54.3,31.3,18.3
65.5,54.3,31.3,18.3
65.5,54.3,31.3,18.3
65.5,54.3,31.3,18.2
65.5,54.3,31.3,18.2
65.5,54.3,31.3,18.2
65.5,54.3,31.3,18.4
65.5,54.3,31.3,18.3
65.5,54.3,31.3,18.2
65.5,54.3,31.3,18.2
65.5,54.3,31.3,18.2
65.5,54.3,31.3,18.2
65.5,54.3,31.3,18.2
65.5,54.3,31.3,18.2
65.5,54.4,31.3,18.3
65.5,54.4,31.3,18.4
65.5,54.4,31.3,18.5
65.5,54.4,31.3,18.5
65.5,54.4,31.3,18.5
65.5,54.4,31.3,18.5
65.5,54.4,31.3,18.4
65.5,54.4,31.3,18.4
65.5,54.4,31.3,18.4
65.5,54.4,31.3,18.3
65.5,54.4,31.3,18.3
65.5,54.4,31.3,18.2
65.5,54.4,31.3,18.2
65.5,54.4,31.2,18.2
65.5,54.4,31.2,18.2
65.5,54.4,31.1,18.2
65.5,54.4,31.1,18.2
65.4,54.4,31.2,18.2
65.4,54.4,31.2,18.2
65.5,54.4,31.3,18.2
65.5,54.4,31.3,18.1
65.5,54.4,31.3,18.1
65.5,54.4,31.3,18.2
65.5,54.4,31.3,18.2
65.5,54.4,31.3,18.3
65.5,54.4,31.3,18.2
65.5,54.4,31.3,18.2
65.5,54.4,31.3,18.2
65.5,54.4,31.3,18.2
65.5,54.5,31.3,18.2
65.5,54.5,31.2,18.2
65.5,54.4,31.2,18.2
65.5,54.4,31.2,18.2
65.5,54.4,31.2,18.2
65.5,54.4,31.2,18.2
65.5,54.4,31.2,18.2
65.5,54.4,31.1,18.2
65.5,54.4,31.2,18.2
65.5,54.4,31.2,18.2
65.5,54.4,31.2,18.2
65.5,54.4,31.2,18.2
65.5,54.4,31.2,18.2
65.5,54.4,31.2,18.2
65.5,54.4,31.2,18.2
65.5,54.4,31.1,18.2
65.5,54.4,31.2,18.3
65.5,54.4,31.2,18.3
65.5,54.4,31.1,18.2
65.5,54.4,31.1,18.1
65.5,54.4,31.2,18.2
65.5,54.4,31.2,18.2
65.5,54.4,31.1,18.2
65.5,54.4,31.1,18.2
65.5,54.4,31.1,18.2
65.5,54.4,31.2,18.2
65.5,54.4,31.3,18.2
65.5,54.4,31.3,18.2
65.5,54.4,31.3,18.2
65.5,54.4,31.3,18.2
65.5,54.4,31.3,18.2
65.5,54.4,31.3,18.2
65.5,54.4,31.3,18.2
65.5,54.4,31.3,18.2
65.5,54.4,31.3,18.2
65.5,54.4,31.3,18.2
65.5,54.4,31.3,18.2
65.5,54.4,31.3,18.2
65.5,54.4,31.3,18.2
65.5,54.4,31.3,18.2
65.5,54.4,31.3,18.2
65.5,54.4,31.3,18.2
65.5,54.4,31.3,18.2
65.5,54.4,31.3,18.2
65.5,54.4,31.3,18.2
65.5,54.4,31.3,18.2
65.5,54.4,31.3,18.2
65.5,54.4,31.3,18.2
65.5,54.4,31.3,18.2
65.5,54.4,31.3,18.2
65.5,54.4,31.3,18.2
65.6,54.4,31.3,18.2
65.6,54.4,31.3,18.2
65.5,54.4,31.3,18.2
65.5,54.4,31.3,18.2
65.5,54.4,31.3,18.2
65.5,54.4,31.3,18.2
65.5,54.4,31.3,18.2
65.5,54.4,31.3,18.3
65.5,54.4,31.3,18.3
65.5,54.4,31.3,18.2
65.6,54.4,31.3,18.2
65.6,54.5,31.3,18.2
65.6,54.5,31.3,18.2
65.6,54.4,31.3,18.2
65.5,54.4,31.3,18.2
65.6,54.4,31.3,18.2
65.6,54.4,31.3,18.2
65.6,54.4,31.3,18.2
65.6,54.4,31.3,18.2
65.6,54.4,31.3,18.2
65.6,54.4,31.2,18.3
65.6,54.4,31.1,18.2
65.6,54.4,31.1,18.2
65.6,54.4,31.2,18.3
65.6,54.4,31.2,18.3
65.6,54.4,31.2,18.2
65.6,54.4,31.2,18.2
65.6,54.5,31.2,18.2
65.6,54.5,31.3,18.2
65.6,54.5,31.3,18.2
65.6,54.4,31.3,18.2
65.6,54.4,31.3,18.2
65.6,54.4,31.2,18.2
65.6,54.4,31.2,18.2
65.6,54.4,31.2,18.2
65.6,54.5,31.2,18.2
65.6,54.5,31.2,18.2
65.6,54.5,31.2,18.2
65.6,54.5,31.2,18.2
65.6,54.5,31.2,18.2
65.7,54.5,31.3,18.3
65.7,54.5,31.3,18.2
65.6,54.5,31.3,18.2
65.7,54.5,31.3,18.2
65.7,54.5,31.3,18.3
65.7,54.5,31.3,18.2
65.7,54.5,31.3,18.2
65.7,54.5,31.3,18.2
65.7,54.5,31.3,18.2
65.7,54.5,31.3,18.2
65.7,54.5,31.3,18.2
65.7,54.5,31.3,18.2
65.7,54.4,31.4,18.2
65.7,54.5,31.4,18.2
65.7,54.5,31.3,18.2
65.7,54.5,31.3,18.2
65.7,54.5,31.3,18.2
65.7,54.5,31.3,18.2
65.7,54.5,31.3,18.2
65.7,54.5,31.3,18.2
65.7,54.5,31.3,18.2
65.7,54.5,31.3,18.2
65.7,54.5,31.3,18.2
65.7,54.5,31.3,18.2
65.7,54.5,31.3,18.2
65.7,54.5,31.3,18.2
65.8,54.5,31.3,18.2
65.8,54.5,31.3,18.2
65.7,54.5,31.3,18.3
65.7,54.5,31.3,18.2
65.7,54.5,31.3,18.2
65.7,54.5,31.3,18.2
65.7,54.5,31.3,18.2
65.8,54.5,31.3,18.2
65.8,54.5,31.3,18.2
65.8,54.5,31.3,18.1
65.8,54.5,31.3,18.1
65.8,54.5,31.3,18.2
65.8,54.5,31.3,18.2
65.8,54.5,31.3,18.2
65.8,54.5,31.3,18.2
65.8,54.5,31.3,18.2
65.8,54.5,31.3,18.2
65.8,54.5,31.3,18.2
65.8,54.5,31.3,18.3
65.8,54.5,31.3,18.2
65.8,54.5,31.3,18.2
65.8,54.5,31.3,18.3
65.8,54.5,31.3,18.2
65.8,54.5,31.3,18.2
65.8,54.5,31.3,18.2
65.8,54.6,31.3,18.2
65.8,54.6,31.3,18.2
65.8,54.5,31.3,18.2
65.8,54.5,31.3,18.2
65.8,54.5,31.3,18.2
65.8,54.6,31.3,18.3
65.8,54.6,31.3,18.3
65.8,54.6,31.3,18.2
65.8,54.6,31.3,18.2
65.8,54.6,31.3,18.2
65.8,54.6,31.3,18.2
65.8,54.6,31.3,18.2
65.8,54.6,31.3,18.2
65.8,54.6,31.3,18.2
65.8,54.6,31.3,18.3
65.8,54.6,31.3,18.2
65.8,54.6,31.3,18.2
65.8,54.6,31.4,18.3
65.8,54.6,31.4,18.4
65.8,54.6,31.4,18.4
65.8,54.6,31.4,18.2
65.8,54.6,31.4,18.2
65.8,54.6,31.3,18.2
65.8,54.6,31.3,18.2
65.8,54.6,31.4,18.3
65.8,54.6,31.4,18.3
65.8,54.6,31.4,18.3
65.8,54.6,31.4,18.2
65.8,54.6,31.4,18.2
65.8,54.6,31.4,18.2
65.8,54.6,31.4,18.2
65.8,54.6,31.3,18.2
65.9,54.6,31.3,18.2
65.9,54.6,31.3,18.2
65.9,54.6,31.3,18.2
65.9,54.6,31.3,18.2
65.9,54.6,31.3,18.2
65.9,54.6,31.4,18.2
65.9,54.6,31.4,18.2
65.8,54.6,31.3,18.2
65.8,54.6,31.3,18.2
65.9,54.6,31.3,18.3
65.9,54.6,31.3,18.3
65.9,54.7,31.4,18.2
65.9,54.7,31.4,18.2
65.9,54.7,31.4,18.2
65.9,54.8,31.4,18.2
65.9,54.8,31.4,18.2
65.9,54.7,31.4,18.2
65.9,54.7,31.4,18.2
65.9,54.7,31.4,18.2
65.9,54.8,31.4,18.2
65.9,54.8,31.4,18.2
65.9,54.8,31.4,18.2
65.9,54.8,31.5,18.2
65.8,54.8,31.4,18.2
65.9,54.8,31.4,18.2
65.9,54.8,31.4,18.2
65.9,54.8,31.4,18.2
65.9,54.8,31.4,18.2
65.9,54.8,31.4,18.2
65.9,54.8,31.4,18.2
65.9,54.8,31.4,18.2
65.8,54.8,31.4,18.2
65.9,54.8,31.4,18.1
65.9,54.8,31.4,18.1
65.8,54.8,31.4,18.2
65.9,54.8,31.4,18.2
65.9,54.8,31.4,18.2
65.9,54.8,31.4,18.2
65.9,54.8,31.4,18.2
65.9,54.8,31.4,18.2
65.9,54.8,31.4,18.2
65.9,54.8,31.4,18.2
65.8,54.8,31.4,18.2
65.8,54.8,31.4,18.2
65.9,54.8,31.4,18.2
65.9,54.8,31.4,18.2
65.9,54.8,31.4,18.2
65.8,54.8,31.4,18.2
65.8,54.8,31.4,18.2
65.9,54.8,31.4,18.2
65.9,54.8,31.4,18.2
65.9,54.8,31.4,18.2
65.9,54.8,31.4,18.2
65.9,54.8,31.4,18.2
65.9,54.8,31.4,18.2
65.9,54.8,31.4,18.2
65.9,54.8,31.4,18.2
65.9,54.8,31.4,18.2
65.9,54.8,31.4,18.2
65.9,54.8,31.4,18.2
65.9,54.8,31.4,18.2
65.9,54.8,31.4,18.2
65.9,54.8,31.4,18.2
65.9,54.8,31.4,18.2
65.9,54.8,31.4,18.2
65.9,54.8,31.4,18.2
65.9,54.8,31.4,18.2
65.9,54.8,31.4,18.2
65.9,54.8,31.5,18.2
65.9,54.8,31.5,18.2
65.9,54.8,31.5,18.2
65.9,54.8,31.6,18.2
65.9,54.8,31.6,18.2
65.9,54.8,31.5,18.2
65.9,54.8,31.5,18.3
65.9,54.8,31.5,18.3
65.9,54.8,31.4,18.3
65.9,54.8,31.4,18.2
65.9,54.8,31.5,18.2
65.9,54.8,31.6,18.2
65.9,54.8,31.6,18.2
65.9,54.8,31.5,18.2
65.9,54.8,31.5,18.2
65.9,54.8,31.5,18.2
65.9,54.8,31.4,18.2
65.9,54.8,31.4,18.2
65.9,54.8,31.4,18.2
65.9,54.8,31.5,18.2
65.9,54.8,31.5,18.2
66,54.8,31.5,18.2
66,54.8,31.5,18.2
65.9,54.8,31.5,18.2
65.9,54.8,31.5,18.2
65.9,54.8,31.5,18.2
65.9,54.8,31.5,18.2
66,54.8,31.6,18.2
66,54.8,31.6,18.2
66,54.8,31.5,18.2
66,54.8,31.6,18.2
66,54.8,31.6,18.2
66.1,54.8,31.5,18.2
66.1,54.8,31.5,18.1
66,54.8,31.5,18.2
66,54.8,31.4,18.2
66.1,54.8,31.4,18.2
66.1,54.8,31.4,18.2
66.1,54.8,31.5,18.2
66.1,54.8,31.5,18.2
66.1,54.8,31.5,18.2
66.1,54.8,31.4,18.2
66.1,54.8,31.4,18.2
66.1,54.8,31.4,18.2
66.1,54.8,31.4,18.2
66.1,54.8,31.4,18.2
66.1,54.8,31.4,18.2
66.1,54.8,31.4,18.2
66.1,54.8,31.4,18.2
66.1,54.8,31.4,18.2
66.1,54.8,31.4,18.2
66.1,54.8,31.4,18.2
66.1,54.8,31.4,18.2
66.1,54.8,31.4,18.2
66.1,54.8,31.4,18.2
66.1,54.8,31.4,18.2
66.1,54.8,31.4,18.2
66.1,54.9,31.4,18.3
66.1,54.9,31.4,18.2
66.1,54.9,31.5,18.2
66.1,54.9,31.5,18.3
66.1,54.9,31.5,18.3
66.1,54.9,31.5,18.2
66.1,54.9,31.5,18.2
66.1,54.9,31.4,18.2
66,54.9,31.4,18.2
66.1,54.9,31.4,18.2
66.1,54.9,31.4,18.2
66,54.9,31.4,18.2
66,54.9,31.4,18.2
66.1,54.9,31.4,18.2
66.1,54.9,31.5,18.2
66,54.9,31.5,18.2
66,54.9,31.4,18.2
66,54.9,31.5,18.2
66,54.9,31.5,18.2
66.1,54.9,31.5,18.2
66.1,54.9,31.5,18.2
66.1,54.9,31.5,18.2
66.1,54.9,31.4,18.2
66.1,54.9,31.4,18.2
66.1,54.9,31.5,18.2
66.1,54.9,31.5,18.2
66.1,54.9,31.6,18.2
66.1,54.9,31.6,18.2
66.1,54.9,31.6,18.2
66.1,54.9,31.5,18.2
66.1,54.9,31.5,18.2
66.1,54.9,31.4,18.2
66.1,54.9,31.5,18.3
66.1,54.9,31.6,18.2
66.1,54.9,31.6,18.2
66.1,54.9,31.6,18.2
66.1,54.9,31.6,18.3
66.1,54.9,31.6,18.2
66.1,54.9,31.6,18.2
66.1,54.9,31.6,18.2
66.1,54.9,31.5,18.2
66.1,54.8,31.4,18.2
66.1,54.9,31.5,18.3
66.1,54.9,31.6,18.2
66.1,54.9,31.6,18.2
66.1,54.9,31.6,18.2
66.1,54.9,31.6,18.2
66.1,54.9,31.5,18.3
66.1,54.8,31.5,18.2
66.1,54.9,31.5,18.2
66.1,54.9,31.4,18.3
66.1,54.9,31.4,18.3
66.2,54.9,31.4,18.3
66.2,54.8,31.5,18.3
66.1,54.9,31.6,18.3
66.2,54.9,31.6,18.2
66.2,54.9,31.5,18.2
66.2,54.9,31.5,18.3
66.2,54.9,31.5,18.3
66.1,54.9,31.4,18.2
66.1,54.9,31.4,18.2
66.1,54.9,31.4,18.2
66.1,54.8,31.4,18.2
66.1,54.9,31.4,18.3
66.1,54.9,31.4,18.2
66.1,54.9,31.5,18.2
66.1,54.8,31.4,18.2
66.1,54.8,31.4,18.2
66.1,54.8,31.4,18.2
66.1,54.8,31.4,18.2
66.1,54.8,31.4,18.2
66.1,54.8,31.4,18.2
66.1,54.8,31.4,18.2
66.1,54.8,31.4,18.2
66.1,54.8,31.4,18.2
66.1,54.9,31.4,18.2
66.1,54.9,31.5,18.2
66.1,54.9,31.5,18.1
66.1,54.9,31.5,18.1
66.1,54.9,31.4,18.2
66.1,54.9,31.4,18.2
66.1,54.9,31.4,18.2
66.1,54.9,31.4,18.2
66.1,54.9,31.4,18.2
66.1,54.9,31.4,18.2
66.1,54.9,31.4,18.2
66.1,54.9,31.4,18.1
66.1,54.9,31.4,18.1
66.1,54.9,31.4,18.1
66.1,54.9,31.4,18.1
66.1,54.9,31.4,18.1
66.1,54.9,31.6,18.2
66.1,54.9,31.6,18.2
66.1,54.9,31.6,18.2
66.1,54.9,31.6,18.1
66.1,54.9,31.6,18.1
66.1,54.9,31.6,18
66.1,54.9,31.5,18.1
66.1,54.9,31.5,18.2
66.1,54.9,31.5,18.2
66.1,54.9,31.6,18.2
66.1,54.9,31.6,18.2
66.1,54.9,31.6,18.2
66.1,54.9,31.6,18.2
66.1,54.9,31.5,18.1
66.1,54.9,31.5,18.1
66.1,54.9,31.5,18.1
66.1,54.9,31.5,18.1
66.1,54.9,31.5,18.1
66.1,54.9,31.5,18
66.1,54.9,31.5,18
66.1,54.9,31.5,18
66.1,54.9,31.5,18
66.1,55,31.4,18.1
66.1,55,31.4,18.1
66.1,54.9,31.4,18.2
66.1,54.9,31.4,18.2
66.1,54.9,31.4,18.2
66.1,54.9,31.4,18.1
66.1,54.9,31.5,18.1
66.1,54.9,31.5,18.1
66.1,54.9,31.6,18
66.1,54.9,31.6,18
66.2,54.9,31.5,18.1
66.2,54.9,31.5,18.2
66.1,54.9,31.5,18.2
66.2,55,31.5,18.2
66.2,55,31.5,18.2
66.2,55,31.5,18.2
66.2,55,31.6,18.2
66.2,55,31.6,18.1
66.2,55,31.6,18.2
66.2,55,31.5,18.2
66.2,55,31.5,18.2
66.2,55,31.4,18.2
66.1,55.1,31.5,18.2
66.2,55.1,31.6,18.2
66.2,55,31.6,18.2
66.2,55,31.6,18.2
66.2,55,31.6,18.2
66.1,55,31.6,18.3
66.2,55,31.6,18.3
66.2,55.1,31.6,18.3
66.2,55.1,31.5,18.3
66.2,55.1,31.5,18.3
66.2,55.1,31.5,18.2
66.2,55.1,31.5,18.2
66.2,55,31.5,18.2
66.2,55,31.5,18.2
66.2,55.1,31.6,18.2
66.2,55.1,31.6,18.2
66.2,55.1,31.5,18.2
66.2,55.1,31.5,18.2
66.2,55.1,31.5,18.2
66.2,55.1,31.5,18.2
66.2,55.1,31.5,18.2
66.2,55.1,31.5,18.2
66.2,55.1,31.5,18.2
66.2,55.1,31.5,18.2
66.2,55.1,31.6,18.2
66.2,55.1,31.5,18.3
66.2,55.1,31.4,18.3
66.2,55.1,31.5,18.3
66.2,55.1,31.6,18.3
66.2,55.1,31.5,18.3
66.2,55.1,31.4,18.3
66.2,55.1,31.4,18.3
66.2,55.1,31.4,18.2
66.2,55.1,31.4,18.2
66.2,55.1,31.4,18.2
66.2,55.1,31.4,18.2
66.2,55.1,31.4,18.2
66.2,55.1,31.5,18.2
66.2,55.1,31.5,18.2
66.2,55.1,31.5,18.2
66.2,55.1,31.6,18.2
66.2,55.1,31.5,18.2
66.2,55.1,31.4,18.2
66.2,55.1,31.4,18.2
66.2,55.1,31.5,18.2
66.2,55.1,31.5,18.2
66.2,55.1,31.5,18.2
66.2,55.1,31.5,18.2
66.2,55.1,31.5,18.3
66.2,55.1,31.5,18.3
66.2,55.1,31.5,18.2
66.2,55.1,31.5,18.2
66.2,55.1,31.5,18.2
66.2,55.1,31.5,18.2
66.2,55.1,31.5,18.2
66.2,55.1,31.5,18.3
66.2,55.1,31.5,18.3
66.2,55.1,31.5,18.3
66.2,55.1,31.5,18.3
66.2,55.1,31.5,18.2
66.2,55.1,31.5,18.2
66.2,55.1,31.4,18.2
66.2,55.1,31.4,18.2
66.2,55.1,31.4,18.2
66.2,55.1,31.5,18.3
66.2,55.1,31.5,18.3
66.2,55.1,31.5,18.2
66.2,55.1,31.5,18.2
66.2,55.1,31.5,18.3
66.2,55.1,31.5,18.2
66.2,55.1,31.5,18.2
66.2,55.1,31.5,18.2
66.2,55.1,31.5,18.3
66.2,55.1,31.5,18.2
66.2,55.1,31.5,18.2
66.2,55.1,31.6,18.2
66.2,55.1,31.6,18.2
66.2,55.1,31.6,18.2
66.2,55.1,31.5,18.2
66.2,55.1,31.5,18.2
66.2,55.1,31.5,18.2
66.2,55.1,31.5,18.2
66.2,55.1,31.5,18.2
66.3,55.1,31.4,18.2
66.3,55.1,31.5,18.2
66.2,55.1,31.5,18.2
66.2,55.1,31.5,18.2
66.3,55.1,31.5,18.2
66.3,55.1,31.5,18.2
66.2,55.1,31.6,18.1
66.3,55.1,31.6,18.2
66.3,55.1,31.6,18.2
66.2,55.1,31.6,18.2
66.3,55.1,31.6,18.2
66.3,55.1,31.6,18.2
66.3,55.1,31.6,18.2
66.3,55.1,31.6,18.2
66.3,55.1,31.6,18.2
66.2,55.1,31.7,18.3
66.3,55.1,31.7,18.3
66.3,55.1,31.7,18.3
66.3,55.1,31.7,18.2
66.2,55.1,31.7,18.2
66.3,55.1,31.6,18.2
66.3,55.1,31.6,18.2
66.3,55.1,31.6,18.2
66.3,55.1,31.6,18.2
66.3,55.1,31.6,18.2
66.3,55.1,31.6,18.2
66.3,55.1,31.6,18.2
66.3,55.1,31.6,18.2
66.3,55.1,31.6,18.2
66.3,55.1,31.6,18.2
66.3,55.1,31.6,18.1
66.3,55.1,31.6,18.1
66.3,55.1,31.6,18.1
66.3,55.1,31.6,18.2
66.3,55.1,31.6,18.2
66.4,55.1,31.6,18.1
66.4,55.1,31.6,18.1
66.3,55.1,31.6,18.1
66.4,55.1,31.6,18.1
66.4,55.1,31.6,18.1
66.4,55.1,31.6,18.2
66.3,55.1,31.7,18.2
66.3,55.1,31.7,18.2
66.3,55.1,31.7,18.2
66.3,55.1,31.7,18.2
66.3,55.1,31.7,18.2
66.3,55.1,31.7,18.2
66.3,55.1,31.7,18.2
66.3,55.1,31.7,18.2
66.3,55.1,31.7,18.2
66.3,55.1,31.7,18.2
66.3,55.1,31.6,18.2
66.3,55.1,31.6,18.2
66.3,55.1,31.6,18.2
66.3,55.1,31.6,18.2
66.3,55.1,31.6,18.2
66.3,55.1,31.6,18.2
66.3,55.1,31.6,18.2
66.3,55.1,31.6,18.2
66.3,55.1,31.6,18.2
66.3,55.1,31.6,18.2
66.3,55.1,31.6,18.2
66.3,55.1,31.7,18.2
66.3,55.1,31.7,18.2
66.3,55.1,31.7,18.2
66.3,55.1,31.7,18.2
66.3,55.1,31.7,18.2
66.3,55.1,31.7,18.2
66.3,55.1,31.7,18.2
66.3,55.1,31.7,18.2
66.3,55.1,31.7,18.3
66.3,55.1,31.7,18.3
66.3,55.1,31.7,18.2
66.3,55.1,31.6,18.2
66.3,55.1,31.6,18.2
66.2,55.1,31.7,18.2
66.2,55.1,31.7,18.2
66.2,55.1,31.7,18.2
66.2,55.1,31.6,18.2
66.2,55.1,31.6,18.2
66.3,55.1,31.6,18.2
66.3,55.1,31.6,18.2
66.2,55.1,31.6,18.2
66.2,55.1,31.6,18.2
66.3,55.1,31.6,18.2
66.3,55.1,31.6,18.2
66.3,55.1,31.6,18.2
66.3,55.1,31.6,18.2
66.2,55.1,31.6,18.2
66.2,55.1,31.6,18.2
66.2,55.1,31.6,18.2
66.3,55.1,31.6,18.2
66.3,55.1,31.6,18.2
66.2,55.1,31.7,18.2
66.3,55.1,31.7,18.2
66.3,55.1,31.6,18.2
66.3,55.1,31.6,18.2
66.3,55.1,31.6,18.2
66.2,55.1,31.6,18.2
66.3,55.1,31.7,18.2
66.3,55.1,31.7,18.2
66.3,55.1,31.7,18.2
66.3,55.1,31.7,18.2
66.3,55.1,31.7,18.1
66.3,55.1,31.7,18.1
66.3,55.1,31.7,18.2
66.3,55.1,31.7,18.2
66.4,55.1,31.6,18.2
66.4,55.1,31.7,18.2
66.4,55.1,31.7,18.2
66.4,55.1,31.7,18.2
66.4,55.1,31.6,18.2
66.4,55.1,31.7,18.2
66.4,55.1,31.7,18.2
66.4,55.1,31.7,18.2
66.4,55.1,31.7,18.2
66.4,55.1,31.7,18.2
66.4,55.1,31.6,18.2
66.4,55.1,31.6,18.2
66.4,55.1,31.6,18.2
66.4,55.1,31.6,18.3
66.5,55.2,31.6,18.3
66.5,55.2,31.6,18.2
66.5,55.2,31.7,18.2
66.5,55.2,31.7,18.2
66.5,55.2,31.7,18.2
66.5,55.2,31.7,18.2
66.5,55.2,31.7,18.2
66.5,55.2,31.7,18.2
66.4,55.2,31.7,18.3
66.4,55.2,31.7,18.3
66.5,55.2,31.7,18.3
66.5,55.2,31.7,18.4
66.4,55.2,31.6,18.3
66.4,55.2,31.6,18.2
66.4,55.2,31.6,18.2
66.5,55.2,31.6,18.3
66.5,55.2,31.6,18.2
66.5,55.2,31.6,18.2
66.4,55.2,31.6,18.2
66.4,55.2,31.6,18.2
66.5,55.2,31.6,18.2
66.5,55.2,31.6,18.2
66.5,55.2,31.6,18.2
66.5,55.2,31.6,18.3
66.5,55.2,31.6,18.2
66.5,55.2,31.6,18.2
66.5,55.2,31.6,18.2
66.5,55.2,31.6,18.3
66.5,55.2,31.6,18.2
66.5,55.2,31.6,18.2
66.5,55.2,31.6,18.2
66.5,55.2,31.6,18.2
66.5,55.2,31.6,18.2
66.5,55.2,31.6,18.2
66.5,55.2,31.6,18.2
66.5,55.2,31.6,18.2
66.5,55.2,31.6,18.2
66.5,55.2,31.6,18.2
66.5,55.2,31.6,18.2
66.5,55.2,31.6,18.1
66.5,55.2,31.6,18.1
66.5,55.2,31.6,18.2
66.5,55.2,31.6,18.2
66.5,55.2,31.6,18.2
66.5,55.2,31.6,18.2
66.5,55.2,31.5,18.2
66.5,55.2,31.5,18.1
66.5,55.2,31.6,18.1
66.5,55.2,31.6,18.1
66.5,55.2,31.6,18.1
66.5,55.2,31.6,18.2
66.5,55.2,31.6,18.2
66.5,55.2,31.5,18.2
66.5,55.2,31.5,18.2
66.5,55.2,31.5,18.2
66.5,55.3,31.5,18.2
66.5,55.3,31.6,18.2
66.5,55.3,31.6,18.2
66.5,55.2,31.6,18.2
66.5,55.2,31.6,18.2
66.5,55.2,31.6,18.2
66.5,55.2,31.6,18.2
66.5,55.3,31.6,18.2
66.5,55.3,31.5,18.2
66.5,55.3,31.5,18.2
66.5,55.3,31.6,18.2
66.5,55.3,31.6,18.2
66.5,55.3,31.6,18.2
66.5,55.3,31.6,18.3
66.5,55.3,31.6,18.2
66.5,55.3,31.6,18.2
66.5,55.3,31.6,18.3
66.5,55.3,31.6,18.2
66.5,55.3,31.6,18.2
66.5,55.3,31.6,18.2
66.5,55.3,31.6,18.2
66.4,55.3,31.6,18.3
66.5,55.3,31.6,18.3
66.5,55.3,31.6,18.2
66.4,55.4,31.6,18.3
66.4,55.4,31.6,18.3
66.5,55.3,31.6,18.3
66.5,55.3,31.6,18.2
66.5,55.3,31.6,18.2
66.5,55.3,31.7,18.2
66.4,55.3,31.7,18.2
66.4,55.3,31.7,18.2
66.4,55.3,31.7,18.2
66.4,55.3,31.6,18.2
66.4,55.3,31.7,18.2
66.4,55.3,31.7,18.2
66.4,55.3,31.7,18.2
66.4,55.3,31.7,18.2
66.4,55.3,31.7,18.2
66.4,55.3,31.7,18.2
66.5,55.3,31.7,18.2
66.5,55.3,31.7,18.2
66.5,55.3,31.7,18.2
66.4,55.3,31.6,18.2
66.5,55.3,31.6,18.2
66.5,55.3,31.7,18.2
66.5,55.3,31.7,18.2
66.5,55.3,31.6,18.2
66.5,55.2,31.6,18.2
66.5,55.2,31.6,18.2
66.5,55.2,31.6,18.2
66.5,55.3,31.6,18.2
66.5,55.3,31.6,18.2
66.5,55.3,31.6,18.2
66.5,55.3,31.6,18.2
66.5,55.3,31.7,18.2
66.5,55.3,31.7,18.3
66.5,55.3,31.6,18.3
66.5,55.3,31.6,18.3
66.5,55.3,31.6,18.2
66.5,55.3,31.6,18.2
66.5,55.3,31.6,18.2
66.5,55.3,31.6,18.2
66.5,55.3,31.6,18.2
66.5,55.4,31.6,18.3
66.5,55.4,31.6,18.3
66.5,55.4,31.6,18.2
66.5,55.4,31.6,18.2
66.5,55.4,31.6,18.2
66.5,55.4,31.6,18.2
66.5,55.4,31.6,18.2
66.5,55.4,31.6,18.2
66.5,55.4,31.6,18.2
66.5,55.4,31.6,18.2
66.5,55.4,31.5,18.2
66.5,55.4,31.5,18.2
66.5,55.4,31.5,18.2
66.5,55.4,31.6,18.2
66.5,55.3,31.6,18.2
66.5,55.3,31.6,18.2
66.5,55.3,31.7,18.2
66.5,55.3,31.7,18.2
66.5,55.3,31.7,18.2
66.5,55.3,31.7,18.2
66.5,55.3,31.7,18.2
66.5,55.3,31.7,18.2
66.5,55.3,31.7,18.2
66.5,55.3,31.6,18.2
66.5,55.3,31.6,18.2
66.5,55.3,31.6,18.2
66.5,55.3,31.6,18.2
66.5,55.3,31.7,18.2
66.5,55.3,31.7,18.2
66.5,55.3,31.7,18.2
66.5,55.3,31.7,18.2
66.5,55.3,31.7,18.3
66.5,55.3,31.7,18.3
66.5,55.3,31.7,18.3
66.5,55.3,31.7,18.3
66.5,55.3,31.7,18.3
66.5,55.3,31.7,18.3
66.6,55.3,31.7,18.3
66.6,55.3,31.6,18.2
66.6,55.3,31.7,18.2
66.6,55.3,31.8,18.2
66.6,55.3,31.8,18.3
66.6,55.3,31.7,18.2
66.6,55.3,31.7,18.2
66.6,55.3,31.7,18.2
66.5,55.3,31.7,18.2
66.6,55.3,31.7,18.2
66.6,55.3,31.7,18.3
66.6,55.3,31.7,18.3
66.6,55.3,31.7,18.2
66.6,55.3,31.7,18.2
66.5,55.3,31.7,18.2
66.6,55.3,31.7,18.2
66.6,55.4,31.6,18.2
66.5,55.4,31.6,18.3
66.6,55.4,31.7,18.3
66.6,55.4,31.7,18.2
66.6,55.4,31.7,18.2
66.6,55.4,31.7,18.2
66.5,55.4,31.7,18.2
66.6,55.4,31.6,18.3
66.6,55.4,31.6,18.2
66.6,55.4,31.6,18.3
66.6,55.4,31.6,18.4
66.6,55.4,31.7,18.5
66.6,55.4,31.7,18.4
66.6,55.4,31.6,18.3
66.6,55.4,31.6,18.3
66.6,55.4,31.7,18.3
66.6,55.4,31.7,18.3
66.6,55.4,31.6,18.3
66.6,55.4,31.7,18.3
66.6,55.4,31.7,18.3
66.6,55.4,31.7,18.3
66.6,55.4,31.7,18.3
66.6,55.4,31.6,18.3
66.6,55.4,31.6,18.3
66.6,55.4,31.6,18.3
66.5,55.4,31.6,18.3
66.6,55.4,31.5,18.2
66.6,55.4,31.5,18.2
66.6,55.4,31.6,18.2
66.6,55.4,31.6,18.2
66.6,55.4,31.6,18.1
66.6,55.4,31.6,18.1
66.6,55.4,31.6,18.2
66.6,55.4,31.6,18.2
66.6,55.4,31.6,18.2
66.6,55.4,31.6,18.2
66.6,55.4,31.6,18.2
66.6,55.4,31.6,18.2
66.6,55.4,31.6,18.2
